account_id,device_id,timestamp,amount,merchant_id,mcc,account_age_days,label
ACC0000,DEV0000,2026-07-02 07:58:26,1502.88,M028,5732,233,0
ACC0000,DEV0000,2026-07-03 09:21:28,1178.12,M035,5814,233,0
ACC0000,DEV0000,2026-07-03 11:54:22,1204.22,M029,5942,233,0
ACC0000,DEV0000,2026-07-03 18:40:55,2605.67,M021,5812,233,0
ACC0000,DEV0000,2026-07-04 13:07:41,3347.53,M031,5812,233,0
ACC0000,DEV0000,2026-07-06 17:56:26,792.76,M019,4111,233,0
ACC0000,DEV0000,2026-07-07 13:48:50,3112.42,M030,5814,233,0
ACC0000,DEV0000,2026-07-07 17:38:08,2250.01,M015,5812,233,0
ACC0000,DEV0000,2026-07-09 19:47:46,3564.98,M032,5411,233,0
ACC0000,DEV0000,2026-07-12 19:33:27,421.09,M026,5732,233,0
ACC0000,DEV0000,2026-07-13 10:06:26,954.44,M001,5812,233,0
ACC0000,DEV0000,2026-07-13 15:04:45,4761.31,M026,5814,233,0
ACC0000,DEV0000,2026-07-14 06:14:49,1493.23,M039,5814,233,0
ACC0000,DEV0000,2026-07-14 07:33:47,2127.61,M022,4111,233,0
ACC0000,DEV0000,2026-07-14 10:26:39,2972.51,M002,5691,233,0
ACC0000,DEV0000,2026-07-14 13:58:12,1275.73,M012,5732,233,0
ACC0000,DEV0000,2026-07-16 08:20:01,2854.85,M016,5732,233,0
ACC0000,DEV0000,2026-07-16 17:27:43,1234.3,M030,5999,233,0
ACC0000,DEV0000,2026-07-16 22:39:24,1179.38,M020,5814,233,0
ACC0000,DEV0000,2026-07-17 08:29:41,1830.77,M006,5691,233,0
ACC0000,DEV0000,2026-07-17 10:18:41,3517.08,M006,5942,233,0
ACC0000,DEV0000,2026-07-19 07:20:07,334.51,M025,5691,233,0
ACC0000,DEV0000,2026-07-20 14:41:27,666.98,M014,5691,233,0
ACC0000,DEV0000,2026-07-20 19:15:43,6629.13,M010,5732,233,0
ACC0000,DEV0000,2026-07-21 07:05:26,710.79,M029,5732,233,0
ACC0000,DEV0000,2026-07-22 09:43:18,4189.38,M036,5999,233,0
ACC0000,DEV0000,2026-07-23 13:18:37,1064.76,M030,5999,233,0
ACC0000,DEV0000,2026-07-23 13:51:01,2293.27,M021,5812,233,0
ACC0000,DEV0000,2026-07-24 14:11:19,2252.95,M016,5812,233,0
ACC0000,DEV0000,2026-07-24 16:05:45,8971.24,M003,5999,233,0
ACC0000,DEV0000,2026-07-25 08:35:47,2583.42,M027,5411,233,0
ACC0000,DEV0000,2026-07-25 15:26:20,715.82,M006,5691,233,0
ACC0000,DEV0000,2026-07-26 07:16:29,2473.81,M019,5411,233,0
ACC0000,DEV0000,2026-07-26 08:34:32,33318.31,M017,5691,233,0
ACC0000,DEV0000,2026-07-26 08:57:25,3412.33,M011,5411,233,0
ACC0000,DEV0000,2026-07-27 11:32:31,2363.06,M018,5691,233,0
ACC0000,DEV0000,2026-07-28 12:49:00,980.34,M011,5411,233,0
ACC0000,DEV0000,2026-07-30 15:18:06,1542.82,M035,5732,233,0
ACC0001,DEV0001,2026-07-02 06:17:26,2824.46,M037,4111,1352,0
ACC0001,DEV0001,2026-07-04 07:44:50,503.74,M006,5691,1352,0
ACC0001,DEV0001,2026-07-04 14:28:18,1605.77,M035,5411,1352,0
ACC0001,DEV0001,2026-07-05 12:22:53,2251.57,M013,5999,1352,0
ACC0001,DEV0001,2026-07-07 07:49:53,460.28,M001,5411,1352,0
ACC0001,DEV0001,2026-07-07 10:00:56,8398.06,M003,5942,1352,0
ACC0001,DEV0001,2026-07-08 08:56:00,1798.81,M038,5942,1352,0
ACC0001,DEV0001,2026-07-08 16:43:52,1232.52,M006,5732,1352,0
ACC0001,DEV0001,2026-07-08 22:46:19,7371.54,M011,5732,1352,0
ACC0001,DEV0001,2026-07-09 06:40:58,7387.04,M011,5812,1352,0
ACC0001,DEV0001,2026-07-09 17:45:34,1722.07,M004,5691,1352,0
ACC0001,DEV0001,2026-07-10 06:42:05,751.33,M034,5814,1352,0
ACC0001,DEV0001,2026-07-10 08:29:30,1114.13,M038,5732,1352,0
ACC0001,DEV0001,2026-07-10 08:34:55,1864.28,M029,5942,1352,0
ACC0001,DEV0001,2026-07-12 10:57:55,6887.05,M026,4111,1352,0
ACC0001,DEV0001,2026-07-14 08:38:50,1445.4,M023,4111,1352,0
ACC0001,DEV0001,2026-07-16 13:00:57,1979.28,M004,5999,1352,0
ACC0001,DEV0001,2026-07-17 06:39:06,1001.54,M018,5814,1352,0
ACC0001,DEV0001,2026-07-17 18:48:25,11811.69,M007,5691,1352,0
ACC0001,DEV0001,2026-07-19 13:13:20,872.11,M010,5814,1352,0
ACC0001,DEV0001,2026-07-19 20:45:36,624.9,M021,5691,1352,0
ACC0001,DEV0001,2026-07-20 13:31:14,311.77,M026,5732,1352,0
ACC0001,DEV0001,2026-07-20 21:25:06,1064.82,M004,5732,1352,0
ACC0001,DEV0001,2026-07-22 16:21:08,560.28,M004,5942,1352,0
ACC0001,DEV0001,2026-07-22 20:48:57,498.99,M039,5999,1352,0
ACC0001,DEV0001,2026-07-24 21:08:54,10185.27,M012,5732,1352,0
ACC0001,DEV0001,2026-07-25 10:34:09,2792.71,M036,5812,1352,0
ACC0001,DEV0001,2026-07-25 18:03:11,457.19,M021,5411,1352,0
ACC0001,DEV0001,2026-07-28 16:30:40,1037.61,M006,5942,1352,0
ACC0001,DEV0001,2026-07-28 22:30:44,2112.08,M033,5732,1352,0
ACC0001,DEV0001,2026-07-29 06:29:10,878.7,M035,4111,1352,0
ACC0001,DEV0001,2026-07-29 12:55:31,842.98,M016,5411,1352,0
ACC0001,DEV0001,2026-07-29 16:34:56,30154.33,M009,5812,1352,0
ACC0001,DEV0001,2026-07-30 07:03:24,594.42,M003,5814,1352,0
ACC0001,DEV0001,2026-07-30 20:48:54,315.9,M036,5814,1352,0
ACC0002,DEV0002,2026-07-02 20:28:46,6634.54,M026,5691,525,0
ACC0002,DEV0002,2026-07-05 09:35:41,4863.84,M011,5411,525,0
ACC0002,DEV0002,2026-07-05 19:37:04,4138.08,M022,4111,525,0
ACC0002,DEV0002,2026-07-05 20:29:39,2804.8,M013,5691,525,0
ACC0002,DEV0002,2026-07-06 16:05:37,1494.2,M038,4111,525,0
ACC0002,DEV0002,2026-07-07 21:43:08,3754.74,M029,4111,525,0
ACC0002,DEV0002,2026-07-08 12:35:26,560.03,M006,5814,525,0
ACC0002,DEV0002,2026-07-08 14:36:10,535.63,M002,5411,525,0
ACC0002,DEV0002,2026-07-08 22:05:15,898.81,M031,5691,525,0
ACC0002,DEV0002,2026-07-09 15:28:27,5740.56,M006,5411,525,0
ACC0002,DEV0002,2026-07-10 14:39:43,371.82,M028,5411,525,0
ACC0002,DEV0002,2026-07-10 21:47:31,2451.28,M029,5814,525,0
ACC0002,DEV0002,2026-07-10 21:50:07,229.7,M019,5812,525,0
ACC0002,DEV0002,2026-07-11 16:16:47,2282.16,M032,5814,525,0
ACC0002,DEV0002,2026-07-11 17:43:20,1021.53,M016,5812,525,0
ACC0002,DEV0002,2026-07-12 08:57:08,1560.05,M014,5732,525,0
ACC0002,DEV0002,2026-07-12 18:22:07,4913.91,M022,5942,525,0
ACC0002,DEV0002,2026-07-12 21:21:46,859.55,M029,5691,525,0
ACC0002,DEV0002,2026-07-13 17:59:00,4206.5,M005,5942,525,0
ACC0002,DEV0002,2026-07-14 08:16:51,4195.72,M028,5942,525,0
ACC0002,DEV0002,2026-07-14 13:43:49,2014.0,M027,5411,525,0
ACC0002,DEV0002,2026-07-14 14:35:01,1472.68,M004,5411,525,0
ACC0002,DEV0002,2026-07-15 11:26:00,517.16,M038,5942,525,0
ACC0002,DEV0002,2026-07-16 17:17:46,179.45,M001,5691,525,0
ACC0002,DEV0002,2026-07-16 19:32:06,3053.94,M012,5999,525,0
ACC0002,DEV0002,2026-07-17 22:01:39,3648.07,M033,5999,525,0
ACC0002,DEV0002,2026-07-18 17:53:51,2076.09,M024,5411,525,0
ACC0002,DEV0002,2026-07-19 06:49:36,1607.54,M001,5812,525,0
ACC0002,DEV0002,2026-07-19 08:51:46,893.66,M001,5942,525,0
ACC0002,DEV0002,2026-07-19 10:39:54,4107.33,M000,5691,525,0
ACC0002,DEV0002,2026-07-20 10:50:14,494.49,M038,5812,525,0
ACC0002,DEV0002,2026-07-20 21:07:46,3825.46,M002,5691,525,0
ACC0002,DEV0002,2026-07-21 13:02:27,5373.41,M032,5814,525,0
ACC0002,DEV0002,2026-07-21 16:05:51,6999.44,M008,4111,525,0
ACC0002,DEV0002,2026-07-23 06:11:00,997.85,M032,5999,525,0
ACC0002,DEV0002,2026-07-23 22:44:36,4038.32,M010,4111,525,0
ACC0002,DEV0002,2026-07-24 06:02:13,2678.01,M002,4111,525,0
ACC0002,DEV0002,2026-07-24 08:22:05,289.77,M035,5942,525,0
ACC0002,DEV0002,2026-07-24 16:27:32,1060.08,M015,5691,525,0
ACC0002,DEV0002,2026-07-25 13:34:32,6772.74,M021,5732,525,0
ACC0002,DEV0002,2026-07-25 15:26:08,1496.31,M031,5814,525,0
ACC0002,DEV0002,2026-07-26 21:09:08,1297.91,M027,5942,525,0
ACC0002,DEV0002,2026-07-26 21:28:07,1585.83,M027,5942,525,0
ACC0002,DEV0002,2026-07-30 10:05:18,1937.94,M004,5691,525,0
ACC0003,DEV0003,2026-07-02 17:36:18,1360.54,M028,4111,1252,0
ACC0003,DEV0003,2026-07-03 09:25:31,1287.87,M013,4111,1252,0
ACC0003,DEV0003,2026-07-05 14:48:44,24286.45,M025,5691,1252,0
ACC0003,DEV0003,2026-07-05 20:30:44,1981.32,M005,5691,1252,0
ACC0003,DEV0003,2026-07-07 11:31:50,829.25,M020,5812,1252,0
ACC0003,DEV0003,2026-07-07 19:03:04,3517.78,M034,5814,1252,0
ACC0003,DEV0003,2026-07-09 08:43:18,2846.84,M011,5942,1252,0
ACC0003,DEV0003,2026-07-10 13:49:42,289.63,M036,5411,1252,0
ACC0003,DEV0003,2026-07-11 08:14:36,7071.74,M034,5999,1252,0
ACC0003,DEV0003,2026-07-13 11:46:41,2793.04,M039,5942,1252,0
ACC0003,DEV0003,2026-07-13 14:28:09,3987.05,M000,5814,1252,0
ACC0003,DEV0003,2026-07-13 14:57:04,402.42,M020,5732,1252,0
ACC0003,DEV0003,2026-07-13 21:38:20,379.57,M030,5942,1252,0
ACC0003,DEV0003,2026-07-15 21:59:57,908.35,M016,5814,1252,0
ACC0003,DEV0003,2026-07-15 22:39:08,744.2,M022,5814,1252,0
ACC0003,DEV0003,2026-07-17 11:04:50,7360.05,M033,5942,1252,0
ACC0003,DEV0003,2026-07-18 13:55:09,2340.76,M030,5942,1252,0
ACC0003,DEV0003,2026-07-18 14:59:35,3420.26,M009,5812,1252,0
ACC0003,DEV0003,2026-07-18 21:02:37,705.48,M009,5691,1252,0
ACC0003,DEV0003,2026-07-19 10:14:50,164.97,M000,5411,1252,0
ACC0003,DEV0003,2026-07-19 17:24:40,2316.16,M033,4111,1252,0
ACC0003,DEV0003,2026-07-20 18:21:44,1541.97,M024,5411,1252,0
ACC0003,DEV0003,2026-07-24 20:19:28,3507.53,M021,5691,1252,0
ACC0003,DEV0003,2026-07-26 12:30:25,2431.88,M027,5814,1252,0
ACC0003,DEV0003,2026-07-28 20:23:20,851.05,M036,5411,1252,0
ACC0003,DEV0003,2026-07-29 22:55:37,743.38,M000,5942,1252,0
ACC0003,DEV0003,2026-07-30 11:18:11,840.89,M025,5411,1252,0
ACC0004,DEV0004,2026-07-01 16:52:28,422.07,M025,5814,562,0
ACC0004,DEV0004,2026-07-05 14:43:17,1404.56,M026,5691,562,0
ACC0004,DEV0004,2026-07-06 20:04:06,1347.79,M038,5942,562,0
ACC0004,DEV0004,2026-07-09 17:33:57,13323.66,M032,5942,562,0
ACC0004,DEV0004,2026-07-10 22:09:17,9055.4,M026,5411,562,0
ACC0004,DEV0004,2026-07-13 16:20:00,11173.49,M038,5999,562,0
ACC0004,DEV0004,2026-07-13 19:57:29,502.17,M004,4111,562,0
ACC0004,DEV0004,2026-07-14 11:58:14,4074.9,M034,5942,562,0
ACC0004,DEV0004,2026-07-16 07:13:33,1014.81,M016,5999,562,0
ACC0004,DEV0004,2026-07-17 13:49:14,956.6,M010,5691,562,0
ACC0004,DEV0004,2026-07-18 06:22:06,335.09,M001,5691,562,0
ACC0004,DEV0004,2026-07-19 17:46:00,2287.64,M030,5999,562,0
ACC0004,DEV0004,2026-07-21 19:22:02,501.38,M034,5942,562,0
ACC0004,DEV0004,2026-07-22 09:51:26,978.5,M004,4111,562,0
ACC0004,DEV0004,2026-07-28 17:31:01,2365.9,M000,5732,562,0
ACC0005,DEV0005,2026-07-03 19:32:59,405.69,M013,5942,1533,0
ACC0005,DEV0005,2026-07-04 15:08:07,2147.29,M031,5942,1533,0
ACC0005,DEV0005,2026-07-06 12:29:54,320.32,M022,5411,1533,0
ACC0005,DEV0005,2026-07-08 06:18:27,3252.76,M002,4111,1533,0
ACC0005,DEV0005,2026-07-08 07:21:04,11473.84,M013,5812,1533,0
ACC0005,DEV0005,2026-07-09 13:25:53,2158.99,M035,5732,1533,0
ACC0005,DEV0005,2026-07-09 15:58:17,1776.57,M038,4111,1533,0
ACC0005,DEV0005,2026-07-11 15:19:53,1666.39,M015,5812,1533,0
ACC0005,DEV0005,2026-07-12 18:12:35,1072.0,M036,5691,1533,0
ACC0005,DEV0005,2026-07-13 20:14:17,2374.09,M001,5732,1533,0
ACC0005,DEV0005,2026-07-14 20:00:16,2564.07,M012,5732,1533,0
ACC0005,DEV0005,2026-07-16 15:47:38,2752.29,M010,5814,1533,0
ACC0005,DEV0005,2026-07-17 22:35:40,3378.16,M017,5691,1533,0
ACC0005,DEV0005,2026-07-18 08:33:19,1169.81,M018,5812,1533,0
ACC0005,DEV0005,2026-07-19 22:46:30,1142.71,M004,5732,1533,0
ACC0005,DEV0005,2026-07-21 10:34:03,826.82,M004,5411,1533,0
ACC0005,DEV0005,2026-07-21 12:46:03,644.96,M002,5999,1533,0
ACC0005,DEV0005,2026-07-21 19:18:02,724.04,M010,4111,1533,0
ACC0005,DEV0005,2026-07-21 21:57:44,1414.09,M005,5411,1533,0
ACC0005,DEV0005,2026-07-22 22:18:29,681.33,M017,5812,1533,0
ACC0005,DEV0005,2026-07-24 06:17:06,3454.68,M015,5812,1533,0
ACC0005,DEV0005,2026-07-26 07:30:16,642.21,M006,5411,1533,0
ACC0005,DEV0005,2026-07-26 09:19:35,650.49,M021,5732,1533,0
ACC0005,DEV0005,2026-07-26 13:33:46,378.62,M019,5942,1533,0
ACC0005,DEV0005,2026-07-27 14:02:29,2398.47,M009,5691,1533,0
ACC0005,DEV0005,2026-07-27 17:20:13,404.79,M009,5814,1533,0
ACC0005,DEV0005,2026-07-28 08:36:02,2829.38,M018,5812,1533,0
ACC0006,DEV0006,2026-07-01 13:58:36,1340.42,M010,4111,678,0
ACC0006,DEV0006,2026-07-01 20:31:37,1996.27,M033,5732,678,0
ACC0006,DEV0006,2026-07-01 22:51:17,3029.94,M035,5814,678,0
ACC0006,DEV0006,2026-07-03 16:17:12,3427.64,M012,5411,678,0
ACC0006,DEV0006,2026-07-03 18:48:08,10776.99,M003,5732,678,0
ACC0006,DEV0006,2026-07-04 19:04:51,3413.08,M025,5732,678,0
ACC0006,DEV0006,2026-07-05 06:42:09,303.81,M001,5942,678,0
ACC0006,DEV0006,2026-07-06 11:44:49,502.78,M033,5999,678,0
ACC0006,DEV0006,2026-07-07 16:14:07,2333.71,M012,5812,678,0
ACC0006,DEV0006,2026-07-08 07:10:47,2214.53,M026,5999,678,0
ACC0006,DEV0006,2026-07-15 06:55:00,491.44,M020,5732,678,0
ACC0006,DEV0006,2026-07-18 12:07:34,10911.38,M023,4111,678,0
ACC0006,DEV0006,2026-07-18 15:09:37,1889.77,M035,5942,678,0
ACC0006,DEV0006,2026-07-19 13:35:07,1554.56,M028,5411,678,0
ACC0006,DEV0006,2026-07-21 20:11:01,2673.82,M011,5691,678,0
ACC0006,DEV0006,2026-07-22 20:52:50,4893.69,M006,5812,678,0
ACC0006,DEV0006,2026-07-25 15:31:23,776.62,M010,5812,678,0
ACC0006,DEV0006,2026-07-28 13:55:30,521.02,M030,5812,678,0
ACC0006,DEV0006,2026-07-28 18:34:16,2641.97,M021,5999,678,0
ACC0007,DEV0007,2026-07-02 09:40:11,578.58,M005,5732,1888,0
ACC0007,DEV0007,2026-07-03 20:44:38,565.62,M013,5942,1888,0
ACC0007,DEV0007,2026-07-05 14:05:44,1864.82,M035,5942,1888,0
ACC0007,DEV0007,2026-07-11 22:34:26,124.86,M021,5814,1888,0
ACC0007,DEV0007,2026-07-12 20:51:47,1236.69,M004,5999,1888,0
ACC0007,DEV0007,2026-07-13 12:48:43,12149.71,M000,5691,1888,0
ACC0007,DEV0007,2026-07-13 13:44:27,1304.71,M000,5812,1888,0
ACC0007,DEV0007,2026-07-15 16:19:20,1646.98,M025,5942,1888,0
ACC0007,DEV0007,2026-07-16 12:00:36,4235.62,M024,5942,1888,0
ACC0007,DEV0007,2026-07-20 07:11:20,1259.12,M020,5942,1888,0
ACC0007,DEV0007,2026-07-21 08:19:09,2388.87,M015,5814,1888,0
ACC0007,DEV0007,2026-07-24 06:57:43,2765.47,M001,5732,1888,0
ACC0007,DEV0007,2026-07-24 18:35:52,427.39,M009,5942,1888,0
ACC0007,DEV0007,2026-07-27 22:11:28,903.7,M019,5812,1888,0
ACC0007,DEV0007,2026-07-29 10:07:02,1007.4,M020,5942,1888,0
ACC0008,DEV0008,2026-07-03 07:48:50,1174.57,M012,5942,76,0
ACC0008,DEV0008,2026-07-03 14:09:04,786.01,M016,4111,76,0
ACC0008,DEV0008,2026-07-04 20:22:35,1323.79,M010,5411,76,0
ACC0008,DEV0008,2026-07-04 20:22:50,763.32,M029,5732,76,0
ACC0008,DEV0008,2026-07-05 09:53:43,970.48,M016,5411,76,0
ACC0008,DEV0008,2026-07-05 19:02:12,2003.3,M016,5411,76,0
ACC0008,DEV0008,2026-07-08 09:14:52,2689.29,M002,5942,76,0
ACC0008,DEV0008,2026-07-08 20:37:10,1938.98,M004,5812,76,0
ACC0008,DEV0008,2026-07-08 20:44:20,5753.18,M028,4111,76,0
ACC0008,DEV0008,2026-07-09 11:14:17,3069.94,M028,5812,76,0
ACC0008,DEV0008,2026-07-10 13:31:23,1531.25,M011,5942,76,0
ACC0008,DEV0008,2026-07-10 21:00:46,759.75,M006,5411,76,0
ACC0008,DEV0008,2026-07-11 08:21:07,1433.29,M021,5732,76,0
ACC0008,DEV0008,2026-07-13 20:57:08,2830.83,M003,5942,76,0
ACC0008,DEV0008,2026-07-15 09:09:15,3260.21,M006,5691,76,0
ACC0008,DEV0008,2026-07-18 08:55:00,4629.89,M015,5411,76,0
ACC0008,DEV0008,2026-07-19 13:58:24,2953.56,M012,5411,76,0
ACC0008,DEV0008,2026-07-20 20:59:08,1266.87,M026,5812,76,0
ACC0008,DEV0008,2026-07-21 13:50:09,47.07,M032,5732,76,0
ACC0008,DEV0008,2026-07-23 15:03:55,2914.72,M027,5732,76,0
ACC0008,DEV0008,2026-07-24 16:03:45,1114.29,M013,5999,76,0
ACC0008,DEV0008,2026-07-27 06:33:59,1620.15,M017,5814,76,0
ACC0008,DEV0008,2026-07-27 09:55:31,2719.05,M033,5812,76,0
ACC0008,DEV0008,2026-07-28 12:27:47,1399.92,M035,5411,76,0
ACC0008,DEV0008,2026-07-29 13:43:43,3350.33,M025,5732,76,0
ACC0008,DEV0008,2026-07-29 16:04:28,1197.11,M018,5999,76,0
ACC0008,DEV0008,2026-07-29 16:29:23,1362.67,M005,5814,76,0
ACC0008,DEV0008,2026-07-30 06:59:26,2629.07,M027,4111,76,0
ACC0008,DEV0008,2026-07-30 15:10:05,2873.74,M021,5732,76,0
ACC0009,DEV0009,2026-07-03 17:18:01,1242.85,M026,5999,621,0
ACC0009,DEV0009,2026-07-04 08:46:56,525.94,M032,5812,621,0
ACC0009,DEV0009,2026-07-05 17:10:07,635.85,M034,5691,621,0
ACC0009,DEV0009,2026-07-06 09:57:32,2480.08,M026,5999,621,0
ACC0009,DEV0009,2026-07-06 10:17:16,1374.92,M030,5812,621,0
ACC0009,DEV0009,2026-07-08 15:36:44,219.65,M030,5691,621,0
ACC0009,DEV0009,2026-07-09 11:43:58,1799.69,M010,5411,621,0
ACC0009,DEV0009,2026-07-10 11:19:51,4046.79,M033,5814,621,0
ACC0009,DEV0009,2026-07-10 15:01:32,2214.48,M017,5999,621,0
ACC0009,DEV0009,2026-07-10 16:21:26,1805.53,M016,5691,621,0
ACC0009,DEV0009,2026-07-11 16:48:20,3635.73,M021,5942,621,0
ACC0009,DEV0009,2026-07-11 18:59:45,2800.39,M033,5411,621,0
ACC0009,DEV0009,2026-07-11 22:55:18,765.7,M016,5691,621,0
ACC0009,DEV0009,2026-07-12 16:27:41,2017.57,M004,5942,621,0
ACC0009,DEV0009,2026-07-13 08:21:00,5609.6,M032,4111,621,0
ACC0009,DEV0009,2026-07-13 08:50:14,618.96,M018,5814,621,0
ACC0009,DEV0009,2026-07-13 10:13:39,2820.66,M014,5942,621,0
ACC0009,DEV0009,2026-07-13 10:18:15,2100.31,M009,5999,621,0
ACC0009,DEV0009,2026-07-14 07:06:23,1484.92,M005,4111,621,0
ACC0009,DEV0009,2026-07-14 21:17:58,30007.75,M016,5691,621,0
ACC0009,DEV0009,2026-07-14 22:09:01,367.68,M011,5812,621,0
ACC0009,DEV0009,2026-07-16 16:47:14,2307.11,M037,5812,621,0
ACC0009,DEV0009,2026-07-16 17:27:06,2019.08,M010,5812,621,0
ACC0009,DEV0009,2026-07-17 08:25:30,386.21,M023,5812,621,0
ACC0009,DEV0009,2026-07-18 17:47:39,1823.49,M022,5732,621,0
ACC0009,DEV0009,2026-07-20 06:30:06,938.18,M000,5691,621,0
ACC0009,DEV0009,2026-07-20 22:19:19,2964.78,M003,5411,621,0
ACC0009,DEV0009,2026-07-21 09:03:22,5597.63,M007,5942,621,0
ACC0009,DEV0009,2026-07-22 12:19:14,816.81,M037,5942,621,0
ACC0009,DEV0009,2026-07-22 14:13:53,1377.91,M029,5812,621,0
ACC0009,DEV0009,2026-07-22 19:40:49,603.45,M026,5732,621,0
ACC0009,DEV0009,2026-07-23 07:30:03,2570.96,M006,5732,621,0
ACC0009,DEV0009,2026-07-23 10:49:33,1416.73,M002,5814,621,0
ACC0009,DEV0009,2026-07-23 19:20:10,1380.01,M001,5999,621,0
ACC0009,DEV0009,2026-07-23 20:46:05,1813.67,M003,5942,621,0
ACC0009,DEV0009,2026-07-23 21:05:19,2002.26,M022,5691,621,0
ACC0009,DEV0009,2026-07-25 07:25:23,910.64,M021,5411,621,0
ACC0009,DEV0009,2026-07-27 11:45:12,6558.02,M023,5732,621,0
ACC0009,DEV0009,2026-07-28 13:18:22,1814.92,M020,5999,621,0
ACC0009,DEV0009,2026-07-29 17:45:57,244.31,M025,5812,621,0
ACC0009,DEV0009,2026-07-30 08:09:10,2901.8,M004,5732,621,0
ACC0010,DEV0010,2026-07-01 07:49:20,666.57,M010,5814,145,0
ACC0010,DEV0010,2026-07-01 14:37:15,572.95,M001,5732,145,0
ACC0010,DEV0010,2026-07-02 10:07:31,2097.76,M022,5814,145,0
ACC0010,DEV0010,2026-07-05 16:40:50,482.76,M018,4111,145,0
ACC0010,DEV0010,2026-07-06 09:35:53,1788.91,M002,5411,145,0
ACC0010,DEV0010,2026-07-06 20:53:05,2605.46,M031,5812,145,0
ACC0010,DEV0010,2026-07-06 21:28:03,4951.82,M018,5814,145,0
ACC0010,DEV0010,2026-07-07 13:11:18,12503.87,M018,4111,145,0
ACC0010,DEV0010,2026-07-08 07:24:12,7981.8,M027,5691,145,0
ACC0010,DEV0010,2026-07-09 07:08:39,1111.88,M020,5812,145,0
ACC0010,DEV0010,2026-07-12 12:14:03,921.3,M034,5732,145,0
ACC0010,DEV0010,2026-07-12 13:37:24,455.77,M002,5411,145,0
ACC0010,DEV0010,2026-07-12 21:36:25,17705.54,M013,5732,145,0
ACC0010,DEV0010,2026-07-12 21:41:05,1501.23,M008,5411,145,0
ACC0010,DEV0010,2026-07-14 13:02:12,2727.07,M005,5691,145,0
ACC0010,DEV0010,2026-07-14 18:06:49,6801.89,M004,5691,145,0
ACC0010,DEV0010,2026-07-14 22:05:34,3747.01,M016,5942,145,0
ACC0010,DEV0010,2026-07-15 19:58:19,3184.94,M036,5812,145,0
ACC0010,DEV0010,2026-07-16 12:47:35,1971.41,M019,5814,145,0
ACC0010,DEV0010,2026-07-17 09:11:58,1856.75,M026,5732,145,0
ACC0010,DEV0010,2026-07-17 16:34:21,6483.27,M004,5411,145,0
ACC0010,DEV0010,2026-07-19 19:37:22,1063.18,M017,5942,145,0
ACC0010,DEV0010,2026-07-20 12:27:17,4756.65,M038,4111,145,0
ACC0010,DEV0010,2026-07-20 12:46:19,296.58,M037,5999,145,0
ACC0010,DEV0010,2026-07-21 11:58:20,875.34,M026,5732,145,0
ACC0010,DEV0010,2026-07-22 11:09:30,1739.69,M021,5411,145,0
ACC0010,DEV0010,2026-07-23 09:46:33,1993.03,M028,5814,145,0
ACC0010,DEV0010,2026-07-23 14:49:58,1720.62,M021,5732,145,0
ACC0010,DEV0010,2026-07-25 17:59:03,3464.24,M037,5411,145,0
ACC0010,DEV0010,2026-07-26 07:55:55,7702.84,M033,5942,145,0
ACC0010,DEV0010,2026-07-27 06:56:40,1850.77,M023,4111,145,0
ACC0010,DEV0010,2026-07-27 11:44:09,2601.12,M003,5411,145,0
ACC0010,DEV0010,2026-07-28 13:27:00,241.27,M034,5812,145,0
ACC0010,DEV0010,2026-07-29 09:32:14,1218.56,M005,5942,145,0
ACC0010,DEV0010,2026-07-29 10:40:09,4122.44,M014,5411,145,0
ACC0010,DEV0010,2026-07-29 20:52:59,2322.61,M037,5732,145,0
ACC0010,DEV0010,2026-07-30 14:14:33,3341.82,M004,4111,145,0
ACC0010,DEV0010,2026-07-30 15:22:07,688.59,M038,5691,145,0
ACC0010,DEV0010,2026-07-30 20:51:11,374.05,M038,5814,145,0
ACC0011,DEV0011,2026-07-01 14:20:11,1597.49,M022,5812,1297,0
ACC0011,DEV0011,2026-07-02 12:13:48,4343.97,M003,5812,1297,0
ACC0011,DEV0011,2026-07-02 15:39:59,11608.52,M009,5411,1297,0
ACC0011,DEV0011,2026-07-03 13:08:25,1460.01,M034,5732,1297,0
ACC0011,DEV0011,2026-07-04 11:56:45,1621.09,M015,5411,1297,0
ACC0011,DEV0011,2026-07-04 12:59:28,2804.53,M008,4111,1297,0
ACC0011,DEV0011,2026-07-04 17:32:18,2507.0,M038,5812,1297,0
ACC0011,DEV0011,2026-07-04 20:56:09,2572.48,M033,5411,1297,0
ACC0011,DEV0011,2026-07-05 07:10:58,1239.17,M015,5691,1297,0
ACC0011,DEV0011,2026-07-05 20:34:42,1241.14,M002,5691,1297,0
ACC0011,DEV0011,2026-07-07 14:17:11,4281.25,M031,5812,1297,0
ACC0011,DEV0011,2026-07-07 20:07:42,6826.93,M038,5999,1297,0
ACC0011,DEV0011,2026-07-09 16:50:21,397.52,M005,5691,1297,0
ACC0011,DEV0011,2026-07-10 19:18:32,1764.64,M037,5691,1297,0
ACC0011,DEV0011,2026-07-12 09:58:26,2158.7,M038,5691,1297,0
ACC0011,DEV0011,2026-07-12 13:51:23,102.82,M028,5942,1297,0
ACC0011,DEV0011,2026-07-13 07:05:43,313.53,M007,5942,1297,0
ACC0011,DEV0011,2026-07-13 13:11:55,2531.08,M003,5999,1297,0
ACC0011,DEV0011,2026-07-14 06:14:33,3214.88,M034,5691,1297,0
ACC0011,DEV0011,2026-07-14 09:23:30,11641.34,M008,5814,1297,0
ACC0011,DEV0011,2026-07-14 11:09:51,7921.96,M003,5411,1297,0
ACC0011,DEV0011,2026-07-16 07:08:11,1474.29,M001,5691,1297,0
ACC0011,DEV0011,2026-07-16 10:32:39,3621.6,M014,5691,1297,0
ACC0011,DEV0011,2026-07-16 19:51:37,3020.57,M025,4111,1297,0
ACC0011,DEV0011,2026-07-18 08:20:06,376.93,M024,5691,1297,0
ACC0011,DEV0011,2026-07-18 13:37:56,16802.34,M003,5942,1297,0
ACC0011,DEV0011,2026-07-19 08:32:25,1859.42,M013,5814,1297,0
ACC0011,DEV0011,2026-07-19 17:10:40,7340.68,M007,5812,1297,0
ACC0011,DEV0011,2026-07-19 19:43:54,4123.37,M032,5812,1297,0
ACC0011,DEV0011,2026-07-21 06:30:56,352.32,M021,4111,1297,0
ACC0011,DEV0011,2026-07-21 09:49:06,1378.94,M006,5814,1297,0
ACC0011,DEV0011,2026-07-22 06:35:58,1565.52,M009,4111,1297,0
ACC0011,DEV0011,2026-07-22 14:30:28,94.1,M017,5411,1297,0
ACC0011,DEV0011,2026-07-22 18:35:14,930.18,M038,5411,1297,0
ACC0011,DEV0011,2026-07-24 10:28:43,8237.4,M019,5691,1297,0
ACC0011,DEV0011,2026-07-24 17:44:46,3010.61,M002,5999,1297,0
ACC0011,DEV0011,2026-07-26 09:51:46,7841.47,M018,5999,1297,0
ACC0011,DEV0011,2026-07-27 16:25:37,876.02,M028,5732,1297,0
ACC0011,DEV0011,2026-07-27 17:46:40,10778.6,M025,5942,1297,0
ACC0011,DEV0011,2026-07-28 11:07:23,433.92,M023,5999,1297,0
ACC0011,DEV0011,2026-07-28 18:29:27,1882.31,M032,5411,1297,0
ACC0011,DEV0011,2026-07-29 07:57:48,1536.41,M022,5411,1297,0
ACC0011,DEV0011,2026-07-29 10:19:31,9955.22,M006,5942,1297,0
ACC0011,DEV0011,2026-07-29 18:13:53,1783.95,M007,5411,1297,0
ACC0012,DEV0012,2026-07-03 12:43:14,1463.03,M007,5732,426,0
ACC0012,DEV0012,2026-07-04 09:16:21,1731.71,M006,5732,426,0
ACC0012,DEV0012,2026-07-04 11:51:22,3127.94,M005,5999,426,0
ACC0012,DEV0012,2026-07-05 07:55:21,336.19,M021,5814,426,0
ACC0012,DEV0012,2026-07-05 20:37:59,1319.26,M019,5411,426,0
ACC0012,DEV0012,2026-07-06 07:42:00,5318.14,M031,5814,426,0
ACC0012,DEV0012,2026-07-06 14:24:27,213.86,M018,5942,426,0
ACC0012,DEV0012,2026-07-06 20:54:30,115.62,M017,5691,426,0
ACC0012,DEV0012,2026-07-07 20:59:06,4824.58,M022,5999,426,0
ACC0012,DEV0012,2026-07-08 07:50:46,692.68,M007,5814,426,0
ACC0012,DEV0012,2026-07-08 19:36:37,2291.49,M029,5732,426,0
ACC0012,DEV0012,2026-07-08 21:09:18,8236.81,M039,5411,426,0
ACC0012,DEV0012,2026-07-09 15:36:17,304.68,M037,5691,426,0
ACC0012,DEV0012,2026-07-09 18:03:37,2685.2,M008,5812,426,0
ACC0012,DEV0012,2026-07-10 20:00:40,1254.55,M037,5411,426,0
ACC0012,DEV0012,2026-07-11 08:17:40,1221.65,M010,5814,426,0
ACC0012,DEV0012,2026-07-11 09:48:58,872.52,M029,5812,426,0
ACC0012,DEV0012,2026-07-11 22:16:20,574.31,M016,5812,426,0
ACC0012,DEV0012,2026-07-12 13:59:25,2126.13,M038,5411,426,0
ACC0012,DEV0012,2026-07-12 16:46:34,1854.05,M031,5814,426,0
ACC0012,DEV0012,2026-07-13 09:40:00,422.59,M015,5814,426,0
ACC0012,DEV0012,2026-07-14 19:46:05,1551.49,M008,5999,426,0
ACC0012,DEV0012,2026-07-14 21:02:12,5058.28,M014,5691,426,0
ACC0012,DEV0012,2026-07-15 08:22:14,1604.61,M013,5999,426,0
ACC0012,DEV0012,2026-07-15 12:26:28,675.2,M007,4111,426,0
ACC0012,DEV0012,2026-07-17 18:41:08,441.43,M021,5999,426,0
ACC0012,DEV0012,2026-07-18 12:14:55,2842.78,M039,5999,426,0
ACC0012,DEV0012,2026-07-22 07:45:58,8758.4,M039,5999,426,0
ACC0012,DEV0012,2026-07-22 09:10:11,6403.11,M003,5812,426,0
ACC0012,DEV0012,2026-07-22 09:47:12,7031.26,M009,5732,426,0
ACC0012,DEV0012,2026-07-22 10:36:16,1231.76,M036,5999,426,0
ACC0012,DEV0012,2026-07-23 06:56:30,1732.67,M011,5812,426,0
ACC0012,DEV0012,2026-07-23 19:38:26,845.4,M003,5812,426,0
ACC0012,DEV0012,2026-07-23 20:37:23,33331.05,M016,5942,426,0
ACC0012,DEV0012,2026-07-24 14:03:51,173.42,M002,5812,426,0
ACC0012,DEV0012,2026-07-24 21:36:51,5857.67,M031,5942,426,0
ACC0012,DEV0012,2026-07-25 08:44:37,415.25,M001,5814,426,0
ACC0012,DEV0012,2026-07-25 08:56:06,1777.5,M004,5814,426,0
ACC0012,DEV0012,2026-07-25 16:32:45,533.85,M034,5411,426,0
ACC0012,DEV0012,2026-07-25 20:11:31,4787.77,M029,5411,426,0
ACC0012,DEV0012,2026-07-26 10:18:30,3457.82,M011,5691,426,0
ACC0013,DEV0013,2026-07-01 07:59:13,1631.64,M026,5942,1364,0
ACC0013,DEV0013,2026-07-05 20:05:17,2261.92,M003,4111,1364,0
ACC0013,DEV0013,2026-07-06 16:58:28,899.03,M024,5942,1364,0
ACC0013,DEV0013,2026-07-08 19:12:20,2835.63,M035,5812,1364,0
ACC0013,DEV0013,2026-07-08 21:49:56,4858.73,M011,5999,1364,0
ACC0013,DEV0013,2026-07-09 18:19:33,403.16,M000,5691,1364,0
ACC0013,DEV0013,2026-07-11 12:24:56,2316.81,M034,5814,1364,0
ACC0013,DEV0013,2026-07-11 13:20:49,6175.97,M018,5411,1364,0
ACC0013,DEV0013,2026-07-12 09:32:31,1062.23,M034,5732,1364,0
ACC0013,DEV0013,2026-07-12 15:15:31,1059.11,M014,5999,1364,0
ACC0013,DEV0013,2026-07-14 19:13:24,1134.82,M031,5812,1364,0
ACC0013,DEV0013,2026-07-16 07:28:07,176.73,M037,4111,1364,0
ACC0013,DEV0013,2026-07-16 18:06:38,585.25,M001,5942,1364,0
ACC0013,DEV0013,2026-07-18 09:01:53,2344.45,M017,5732,1364,0
ACC0013,DEV0013,2026-07-21 22:34:07,1011.35,M002,5732,1364,0
ACC0013,DEV0013,2026-07-22 21:40:55,656.76,M005,5812,1364,0
ACC0013,DEV0013,2026-07-23 10:12:07,1065.9,M033,5812,1364,0
ACC0013,DEV0013,2026-07-24 07:03:59,446.89,M003,5942,1364,0
ACC0013,DEV0013,2026-07-24 13:04:10,4512.58,M017,5812,1364,0
ACC0013,DEV0013,2026-07-24 14:49:44,5582.29,M001,5812,1364,0
ACC0013,DEV0013,2026-07-24 16:24:52,1945.5,M023,5411,1364,0
ACC0013,DEV0013,2026-07-24 21:42:24,1753.15,M017,4111,1364,0
ACC0013,DEV0013,2026-07-25 11:57:41,3000.65,M009,5999,1364,0
ACC0013,DEV0013,2026-07-25 13:09:45,796.52,M031,5732,1364,0
ACC0013,DEV0013,2026-07-26 20:45:12,833.26,M035,5411,1364,0
ACC0013,DEV0013,2026-07-28 10:17:20,937.89,M039,4111,1364,0
ACC0013,DEV0013,2026-07-28 17:39:54,4415.41,M012,5942,1364,0
ACC0013,DEV0013,2026-07-29 16:09:37,9996.04,M022,5942,1364,0
ACC0013,DEV0013,2026-07-29 16:40:33,1939.95,M013,5999,1364,0
ACC0013,DEV0013,2026-07-30 13:03:24,628.19,M027,5814,1364,0
ACC0014,DEV0014,2026-07-02 21:55:29,5538.62,M019,5999,904,0
ACC0014,DEV0014,2026-07-07 22:44:07,2232.03,M025,4111,904,0
ACC0014,DEV0014,2026-07-08 14:30:55,1989.1,M002,5999,904,0
ACC0014,DEV0014,2026-07-10 22:57:30,3596.66,M022,5942,904,0
ACC0014,DEV0014,2026-07-14 09:08:05,2444.39,M018,5942,904,0
ACC0014,DEV0014,2026-07-14 12:46:32,1793.81,M025,5942,904,0
ACC0014,DEV0014,2026-07-15 15:58:09,1305.45,M029,5812,904,0
ACC0014,DEV0014,2026-07-17 12:37:11,1029.19,M038,5812,904,0
ACC0014,DEV0014,2026-07-17 13:17:45,1333.51,M013,5732,904,0
ACC0014,DEV0014,2026-07-23 22:30:09,264.83,M009,5691,904,0
ACC0014,DEV0014,2026-07-23 22:48:13,4725.53,M030,5732,904,0
ACC0014,DEV0014,2026-07-24 17:15:38,2377.5,M013,5732,904,0
ACC0014,DEV0014,2026-07-25 12:55:19,1392.94,M028,5814,904,0
ACC0014,DEV0014,2026-07-25 22:06:31,3513.45,M023,5411,904,0
ACC0014,DEV0014,2026-07-26 20:13:18,3444.58,M008,5999,904,0
ACC0014,DEV0014,2026-07-29 13:59:55,4274.96,M009,5691,904,0
ACC0014,DEV0014,2026-07-30 10:02:19,3817.2,M036,5691,904,0
ACC0015,DEV0015,2026-07-01 17:53:16,951.9,M012,5732,1295,0
ACC0015,DEV0015,2026-07-02 21:34:48,3540.82,M000,5411,1295,0
ACC0015,DEV0015,2026-07-03 08:31:36,5134.53,M000,5411,1295,0
ACC0015,DEV0015,2026-07-04 06:32:10,2416.04,M032,5812,1295,0
ACC0015,DEV0015,2026-07-04 12:04:27,3482.89,M026,5942,1295,0
ACC0015,DEV0015,2026-07-06 15:18:55,623.61,M034,5942,1295,0
ACC0015,DEV0015,2026-07-06 17:09:53,3563.59,M013,4111,1295,0
ACC0015,DEV0015,2026-07-06 18:11:35,1030.91,M008,5812,1295,0
ACC0015,DEV0015,2026-07-07 09:44:02,7520.06,M019,5999,1295,0
ACC0015,DEV0015,2026-07-10 12:01:19,7495.86,M019,5999,1295,0
ACC0015,DEV0015,2026-07-11 16:37:46,2360.75,M017,5812,1295,0
ACC0015,DEV0015,2026-07-13 06:06:51,379.48,M008,5999,1295,0
ACC0015,DEV0015,2026-07-13 08:24:04,1010.71,M023,5942,1295,0
ACC0015,DEV0015,2026-07-13 10:10:02,580.03,M019,5999,1295,0
ACC0015,DEV0015,2026-07-13 21:26:12,616.63,M007,4111,1295,0
ACC0015,DEV0015,2026-07-14 11:55:31,3304.16,M021,5411,1295,0
ACC0015,DEV0015,2026-07-16 09:33:47,2794.64,M009,5691,1295,0
ACC0015,DEV0015,2026-07-16 16:56:36,97.79,M003,5411,1295,0
ACC0015,DEV0015,2026-07-16 18:42:58,1867.53,M038,5814,1295,0
ACC0015,DEV0015,2026-07-17 14:09:39,976.48,M025,4111,1295,0
ACC0015,DEV0015,2026-07-17 18:11:50,605.63,M029,5999,1295,0
ACC0015,DEV0015,2026-07-18 15:18:55,5591.43,M028,4111,1295,0
ACC0015,DEV0015,2026-07-20 12:58:10,653.78,M038,5411,1295,0
ACC0015,DEV0015,2026-07-21 16:56:31,324.03,M029,5942,1295,0
ACC0015,DEV0015,2026-07-23 16:37:28,565.7,M031,5812,1295,0
ACC0015,DEV0015,2026-07-23 20:39:22,468.67,M029,5691,1295,0
ACC0015,DEV0015,2026-07-25 17:38:59,1987.89,M037,5411,1295,0
ACC0015,DEV0015,2026-07-26 17:40:51,1236.85,M018,5411,1295,0
ACC0015,DEV0015,2026-07-30 06:50:43,2310.85,M020,5732,1295,0
ACC0015,DEV0015,2026-07-30 13:48:57,649.02,M020,5411,1295,0
ACC0015,DEV0015,2026-07-30 14:45:45,756.56,M013,5942,1295,0
ACC0016,DEV0016,2026-07-01 13:14:20,272.28,M016,5411,547,0
ACC0016,DEV0016,2026-07-02 19:00:22,2144.42,M018,5814,547,0
ACC0016,DEV0016,2026-07-04 08:01:37,1405.2,M008,4111,547,0
ACC0016,DEV0016,2026-07-04 13:44:06,839.48,M020,5814,547,0
ACC0016,DEV0016,2026-07-05 10:46:47,1974.1,M024,5691,547,0
ACC0016,DEV0016,2026-07-05 11:01:58,2672.38,M033,5691,547,0
ACC0016,DEV0016,2026-07-05 22:58:44,1649.88,M010,5691,547,0
ACC0016,DEV0016,2026-07-06 09:00:04,443.73,M003,5691,547,0
ACC0016,DEV0016,2026-07-06 15:32:08,929.01,M001,5691,547,0
ACC0016,DEV0016,2026-07-07 11:00:28,5935.96,M018,4111,547,0
ACC0016,DEV0016,2026-07-09 06:07:12,10691.27,M011,5942,547,0
ACC0016,DEV0016,2026-07-09 06:55:43,934.21,M021,5942,547,0
ACC0016,DEV0016,2026-07-09 08:16:24,476.53,M006,5942,547,0
ACC0016,DEV0016,2026-07-09 10:47:30,8868.13,M002,5691,547,0
ACC0016,DEV0016,2026-07-09 10:52:30,820.58,M020,5691,547,0
ACC0016,DEV0016,2026-07-10 09:01:24,1103.82,M028,5732,547,0
ACC0016,DEV0016,2026-07-10 15:54:58,2220.33,M034,5732,547,0
ACC0016,DEV0016,2026-07-11 17:27:10,3777.57,M015,5999,547,0
ACC0016,DEV0016,2026-07-12 14:21:24,669.35,M014,5732,547,0
ACC0016,DEV0016,2026-07-13 10:12:02,668.92,M002,4111,547,0
ACC0016,DEV0016,2026-07-13 13:39:21,12288.82,M013,5942,547,0
ACC0016,DEV0016,2026-07-14 06:33:29,588.19,M036,5999,547,0
ACC0016,DEV0016,2026-07-14 17:44:20,5761.48,M038,5812,547,0
ACC0016,DEV0016,2026-07-15 21:13:36,3239.29,M005,5691,547,0
ACC0016,DEV0016,2026-07-16 17:59:29,989.58,M016,5999,547,0
ACC0016,DEV0016,2026-07-17 11:00:04,1521.01,M017,4111,547,0
ACC0016,DEV0016,2026-07-17 14:49:31,2375.26,M013,5411,547,0
ACC0016,DEV0016,2026-07-19 06:56:06,1486.23,M037,5732,547,0
ACC0016,DEV0016,2026-07-20 20:01:21,250.2,M013,5732,547,0
ACC0016,DEV0016,2026-07-21 11:05:36,209.35,M013,5732,547,0
ACC0016,DEV0016,2026-07-21 12:25:23,499.63,M011,5691,547,0
ACC0016,DEV0016,2026-07-21 18:35:59,570.39,M001,5732,547,0
ACC0016,DEV0016,2026-07-21 19:31:55,3932.67,M001,4111,547,0
ACC0016,DEV0016,2026-07-27 19:44:50,2886.56,M012,5411,547,0
ACC0017,DEV0017,2026-07-02 13:02:52,2949.48,M010,5814,989,0
ACC0017,DEV0017,2026-07-02 13:28:15,1889.78,M013,5411,989,0
ACC0017,DEV0017,2026-07-02 21:25:45,2013.31,M034,5691,989,0
ACC0017,DEV0017,2026-07-03 14:33:10,1272.16,M033,5691,989,0
ACC0017,DEV0017,2026-07-03 14:58:34,18729.31,M000,5814,989,0
ACC0017,DEV0017,2026-07-03 19:21:36,1758.09,M001,5812,989,0
ACC0017,DEV0017,2026-07-03 20:57:15,2758.08,M022,5942,989,0
ACC0017,DEV0017,2026-07-04 11:15:09,2487.65,M012,4111,989,0
ACC0017,DEV0017,2026-07-05 15:22:43,27010.61,M037,5732,989,0
ACC0017,DEV0017,2026-07-06 09:48:00,903.01,M013,4111,989,0
ACC0017,DEV0017,2026-07-09 10:04:39,2053.63,M002,5732,989,0
ACC0017,DEV0017,2026-07-09 10:53:15,775.3,M015,5691,989,0
ACC0017,DEV0017,2026-07-10 15:20:43,2521.31,M007,5411,989,0
ACC0017,DEV0017,2026-07-11 18:06:43,859.32,M018,5812,989,0
ACC0017,DEV0017,2026-07-13 20:15:28,3226.53,M039,5732,989,0
ACC0017,DEV0017,2026-07-14 11:11:33,615.49,M029,5942,989,0
ACC0017,DEV0017,2026-07-14 11:19:21,864.04,M037,5732,989,0
ACC0017,DEV0017,2026-07-14 17:36:04,1903.97,M035,5942,989,0
ACC0017,DEV0017,2026-07-14 21:06:35,3310.96,M036,5411,989,0
ACC0017,DEV0017,2026-07-15 07:20:35,3304.39,M004,5999,989,0
ACC0017,DEV0017,2026-07-16 22:53:44,280.76,M026,5814,989,0
ACC0017,DEV0017,2026-07-19 20:19:56,1839.66,M019,5812,989,0
ACC0017,DEV0017,2026-07-20 11:50:03,3130.61,M014,5942,989,0
ACC0017,DEV0017,2026-07-20 17:23:11,665.71,M021,5732,989,0
ACC0017,DEV0017,2026-07-21 16:19:23,1509.74,M007,5732,989,0
ACC0017,DEV0017,2026-07-22 22:46:01,801.6,M027,4111,989,0
ACC0017,DEV0017,2026-07-23 11:03:42,1145.78,M036,5814,989,0
ACC0017,DEV0017,2026-07-23 22:17:31,3310.29,M015,5732,989,0
ACC0017,DEV0017,2026-07-23 22:48:27,3985.4,M017,4111,989,0
ACC0017,DEV0017,2026-07-24 06:05:33,602.05,M033,5411,989,0
ACC0017,DEV0017,2026-07-24 06:07:42,10703.44,M017,4111,989,0
ACC0017,DEV0017,2026-07-24 13:45:35,1983.62,M037,4111,989,0
ACC0017,DEV0017,2026-07-24 18:50:52,1639.14,M030,5411,989,0
ACC0017,DEV0017,2026-07-25 11:42:42,615.5,M016,5691,989,0
ACC0017,DEV0017,2026-07-25 18:38:29,3226.92,M006,5814,989,0
ACC0017,DEV0017,2026-07-26 10:11:58,733.25,M030,5732,989,0
ACC0017,DEV0017,2026-07-26 14:53:42,718.04,M027,5411,989,0
ACC0017,DEV0017,2026-07-28 09:18:36,807.55,M023,4111,989,0
ACC0017,DEV0017,2026-07-28 18:37:02,972.12,M011,5411,989,0
ACC0017,DEV0017,2026-07-30 14:52:26,3551.57,M030,5812,989,0
ACC0017,DEV0017,2026-07-30 22:56:18,1711.79,M038,5999,989,0
ACC0018,DEV0018,2026-07-01 20:01:57,285.33,M024,5691,239,0
ACC0018,DEV0018,2026-07-03 07:17:15,3399.13,M002,5999,239,0
ACC0018,DEV0018,2026-07-04 08:11:07,84.46,M013,5812,239,0
ACC0018,DEV0018,2026-07-05 15:09:22,248.6,M022,5814,239,0
ACC0018,DEV0018,2026-07-06 12:33:34,3631.82,M027,5814,239,0
ACC0018,DEV0018,2026-07-06 18:25:05,5458.56,M012,5812,239,0
ACC0018,DEV0018,2026-07-09 07:05:18,23683.11,M028,5814,239,0
ACC0018,DEV0018,2026-07-09 17:04:31,372.29,M012,5812,239,0
ACC0018,DEV0018,2026-07-09 18:00:03,1180.15,M029,5411,239,0
ACC0018,DEV0018,2026-07-11 20:44:14,1107.41,M000,4111,239,0
ACC0018,DEV0018,2026-07-12 10:47:53,1170.63,M030,5942,239,0
ACC0018,DEV0018,2026-07-12 22:24:09,1832.39,M019,5691,239,0
ACC0018,DEV0018,2026-07-13 10:28:05,4131.55,M037,5411,239,0
ACC0018,DEV0018,2026-07-16 17:45:15,2969.42,M035,5691,239,0
ACC0018,DEV0018,2026-07-17 11:31:15,2710.75,M002,5732,239,0
ACC0018,DEV0018,2026-07-18 11:45:15,6359.97,M018,5999,239,0
ACC0018,DEV0018,2026-07-19 17:58:50,2141.95,M024,5942,239,0
ACC0018,DEV0018,2026-07-19 19:52:12,166.77,M001,5812,239,0
ACC0018,DEV0018,2026-07-23 15:00:06,382.79,M017,5812,239,0
ACC0018,DEV0018,2026-07-23 22:16:02,1967.78,M001,5812,239,0
ACC0018,DEV0018,2026-07-24 20:35:20,5164.16,M004,5411,239,0
ACC0018,DEV0018,2026-07-25 06:18:35,231.65,M030,4111,239,0
ACC0018,DEV0018,2026-07-27 12:11:30,685.54,M038,5732,239,0
ACC0018,DEV0018,2026-07-30 16:13:47,3825.55,M004,4111,239,0
ACC0019,DEV0019,2026-07-03 06:41:50,157.71,M004,5411,1401,0
ACC0019,DEV0019,2026-07-03 07:09:54,1611.99,M007,5814,1401,0
ACC0019,DEV0019,2026-07-04 20:53:43,1657.88,M025,5411,1401,0
ACC0019,DEV0019,2026-07-04 21:41:11,390.39,M018,5732,1401,0
ACC0019,DEV0019,2026-07-05 17:24:26,361.84,M038,5812,1401,0
ACC0019,DEV0019,2026-07-06 14:09:00,1728.49,M015,5691,1401,0
ACC0019,DEV0019,2026-07-07 14:50:34,2462.17,M008,5732,1401,0
ACC0019,DEV0019,2026-07-08 18:11:38,1157.4,M023,4111,1401,0
ACC0019,DEV0019,2026-07-08 20:34:45,1162.22,M019,5942,1401,0
ACC0019,DEV0019,2026-07-09 22:32:01,900.04,M031,4111,1401,0
ACC0019,DEV0019,2026-07-10 10:50:31,348.1,M024,5411,1401,0
ACC0019,DEV0019,2026-07-11 11:05:23,168.65,M022,5999,1401,0
ACC0019,DEV0019,2026-07-12 11:20:43,7021.72,M038,4111,1401,0
ACC0019,DEV0019,2026-07-12 18:53:49,329.38,M023,5411,1401,0
ACC0019,DEV0019,2026-07-13 18:22:31,176.43,M017,5411,1401,0
ACC0019,DEV0019,2026-07-15 09:20:02,11181.94,M037,5411,1401,0
ACC0019,DEV0019,2026-07-15 19:08:22,8517.61,M013,5411,1401,0
ACC0019,DEV0019,2026-07-15 22:22:30,14866.78,M007,5691,1401,0
ACC0019,DEV0019,2026-07-16 09:03:57,676.48,M007,5942,1401,0
ACC0019,DEV0019,2026-07-16 19:48:48,2003.14,M032,5814,1401,0
ACC0019,DEV0019,2026-07-17 14:59:33,1939.36,M036,5999,1401,0
ACC0019,DEV0019,2026-07-17 16:56:39,1058.82,M033,5411,1401,0
ACC0019,DEV0019,2026-07-17 17:29:11,3788.38,M029,5814,1401,0
ACC0019,DEV0019,2026-07-17 22:29:49,1143.58,M001,5814,1401,0
ACC0019,DEV0019,2026-07-21 16:52:27,1199.27,M037,5814,1401,0
ACC0019,DEV0019,2026-07-23 08:01:13,486.3,M009,5732,1401,0
ACC0019,DEV0019,2026-07-23 10:05:42,987.72,M034,5411,1401,0
ACC0019,DEV0019,2026-07-25 11:09:23,895.38,M039,5812,1401,0
ACC0019,DEV0019,2026-07-26 16:17:54,3505.01,M022,5814,1401,0
ACC0019,DEV0019,2026-07-27 06:54:56,1172.35,M038,5691,1401,0
ACC0019,DEV0019,2026-07-27 16:36:38,1875.22,M033,4111,1401,0
ACC0019,DEV0019,2026-07-28 06:26:31,1612.72,M012,4111,1401,0
ACC0019,DEV0019,2026-07-28 06:57:54,3874.41,M021,5411,1401,0
ACC0019,DEV0019,2026-07-28 12:19:00,2247.2,M023,5812,1401,0
ACC0019,DEV0019,2026-07-28 22:26:10,1803.98,M013,5411,1401,0
ACC0019,DEV0019,2026-07-30 15:32:14,3889.19,M037,5732,1401,0
ACC0019,DEV0019,2026-07-30 22:19:17,1600.25,M019,5814,1401,0
ACC0020,DEV0020,2026-07-01 07:43:11,298.72,M001,5732,1124,0
ACC0020,DEV0020,2026-07-01 08:55:22,10746.05,M037,5411,1124,0
ACC0020,DEV0020,2026-07-01 16:15:41,3150.26,M033,5812,1124,0
ACC0020,DEV0020,2026-07-02 20:20:12,1685.79,M024,5942,1124,0
ACC0020,DEV0020,2026-07-03 12:51:46,5700.2,M006,5411,1124,0
ACC0020,DEV0020,2026-07-03 20:07:49,2091.24,M031,5999,1124,0
ACC0020,DEV0020,2026-07-04 07:22:24,761.02,M011,5942,1124,0
ACC0020,DEV0020,2026-07-08 13:24:50,3399.01,M022,5691,1124,0
ACC0020,DEV0020,2026-07-08 18:29:01,3973.82,M026,5999,1124,0
ACC0020,DEV0020,2026-07-08 19:13:47,1323.6,M018,4111,1124,0
ACC0020,DEV0020,2026-07-08 21:55:49,337.27,M026,5732,1124,0
ACC0020,DEV0020,2026-07-10 07:16:08,224.75,M012,5814,1124,0
ACC0020,DEV0020,2026-07-12 20:33:49,4186.28,M019,5942,1124,0
ACC0020,DEV0020,2026-07-12 21:57:21,2588.82,M014,5691,1124,0
ACC0020,DEV0020,2026-07-14 07:17:40,2806.0,M013,5732,1124,0
ACC0020,DEV0020,2026-07-14 15:08:25,5617.09,M009,5691,1124,0
ACC0020,DEV0020,2026-07-15 09:25:14,1680.39,M027,4111,1124,0
ACC0020,DEV0020,2026-07-15 14:49:53,3428.7,M009,4111,1124,0
ACC0020,DEV0020,2026-07-16 19:22:11,6414.42,M018,5812,1124,0
ACC0020,DEV0020,2026-07-17 22:34:17,4759.98,M033,5814,1124,0
ACC0020,DEV0020,2026-07-19 08:50:04,2463.68,M000,5999,1124,0
ACC0020,DEV0020,2026-07-19 19:23:44,2892.35,M039,5812,1124,0
ACC0020,DEV0020,2026-07-19 20:20:43,4887.08,M034,5814,1124,0
ACC0020,DEV0020,2026-07-20 09:18:50,5106.6,M022,5814,1124,0
ACC0020,DEV0020,2026-07-20 09:23:24,794.17,M036,5691,1124,0
ACC0020,DEV0020,2026-07-20 15:14:10,1656.01,M036,5942,1124,0
ACC0020,DEV0020,2026-07-21 11:36:34,477.77,M015,5942,1124,0
ACC0020,DEV0020,2026-07-21 21:36:04,669.92,M019,5942,1124,0
ACC0020,DEV0020,2026-07-22 14:18:34,1221.43,M017,5942,1124,0
ACC0020,DEV0020,2026-07-23 19:34:51,911.82,M029,5999,1124,0
ACC0020,DEV0020,2026-07-23 19:49:41,1794.41,M004,5942,1124,0
ACC0020,DEV0020,2026-07-25 17:17:47,2233.8,M003,4111,1124,0
ACC0020,DEV0020,2026-07-27 17:10:15,7833.8,M029,5999,1124,0
ACC0020,DEV0020,2026-07-30 12:22:03,1978.62,M006,5691,1124,0
ACC0020,DEV0020,2026-07-30 20:10:09,5654.51,M035,5942,1124,0
ACC0021,DEV0021,2026-07-01 06:25:33,1006.35,M020,5942,1614,0
ACC0021,DEV0021,2026-07-01 10:21:40,1510.29,M036,5814,1614,0
ACC0021,DEV0021,2026-07-01 14:53:53,2036.11,M006,5942,1614,0
ACC0021,DEV0021,2026-07-01 18:50:47,1277.44,M016,5732,1614,0
ACC0021,DEV0021,2026-07-03 15:02:20,938.48,M000,5812,1614,0
ACC0021,DEV0021,2026-07-05 19:10:03,1136.4,M023,5942,1614,0
ACC0021,DEV0021,2026-07-06 15:59:05,8654.02,M021,5411,1614,0
ACC0021,DEV0021,2026-07-07 09:45:51,2846.93,M021,5812,1614,0
ACC0021,DEV0021,2026-07-07 09:46:11,906.77,M014,5812,1614,0
ACC0021,DEV0021,2026-07-08 07:34:52,502.96,M028,5411,1614,0
ACC0021,DEV0021,2026-07-08 22:13:02,312.16,M039,5411,1614,0
ACC0021,DEV0021,2026-07-10 06:04:35,4260.79,M023,5732,1614,0
ACC0021,DEV0021,2026-07-10 14:41:31,1254.24,M036,5814,1614,0
ACC0021,DEV0021,2026-07-10 17:45:55,2091.49,M026,5942,1614,0
ACC0021,DEV0021,2026-07-11 17:03:50,2232.47,M037,5411,1614,0
ACC0021,DEV0021,2026-07-12 11:47:13,103.39,M011,5812,1614,0
ACC0021,DEV0021,2026-07-12 18:36:21,3664.81,M035,5812,1614,0
ACC0021,DEV0021,2026-07-15 07:15:31,1569.63,M022,4111,1614,0
ACC0021,DEV0021,2026-07-16 07:05:38,5112.12,M005,5814,1614,0
ACC0021,DEV0021,2026-07-16 18:41:14,6567.77,M012,5812,1614,0
ACC0021,DEV0021,2026-07-17 13:44:13,11398.71,M028,5411,1614,0
ACC0021,DEV0021,2026-07-17 15:31:37,10172.25,M039,5411,1614,0
ACC0021,DEV0021,2026-07-17 21:27:23,1247.99,M027,4111,1614,0
ACC0021,DEV0021,2026-07-20 18:46:20,1208.6,M021,5999,1614,0
ACC0021,DEV0021,2026-07-21 07:27:35,7274.07,M039,4111,1614,0
ACC0021,DEV0021,2026-07-21 16:19:34,787.2,M011,5812,1614,0
ACC0021,DEV0021,2026-07-22 08:01:02,5146.4,M029,5691,1614,0
ACC0021,DEV0021,2026-07-22 13:01:28,3826.73,M016,5411,1614,0
ACC0021,DEV0021,2026-07-25 16:15:26,2026.11,M022,5814,1614,0
ACC0021,DEV0021,2026-07-25 17:40:36,3424.67,M030,5732,1614,0
ACC0021,DEV0021,2026-07-25 22:55:44,902.83,M002,5691,1614,0
ACC0021,DEV0021,2026-07-26 13:32:27,10432.15,M029,5814,1614,0
ACC0021,DEV0021,2026-07-26 20:48:31,4398.98,M009,5812,1614,0
ACC0021,DEV0021,2026-07-27 12:36:02,1179.02,M025,4111,1614,0
ACC0021,DEV0021,2026-07-27 12:38:57,4758.68,M030,5999,1614,0
ACC0021,DEV0021,2026-07-29 15:26:45,1137.06,M015,5942,1614,0
ACC0021,DEV0021,2026-07-29 15:53:13,933.49,M009,5732,1614,0
ACC0021,DEV0021,2026-07-29 18:22:37,2656.51,M003,5814,1614,0
ACC0021,DEV0021,2026-07-30 19:24:19,1015.67,M015,5732,1614,0
ACC0022,DEV0022,2026-07-01 09:07:16,1022.72,M009,5691,1100,0
ACC0022,DEV0022,2026-07-01 15:00:07,1187.36,M013,4111,1100,0
ACC0022,DEV0022,2026-07-01 15:18:19,418.86,M006,5732,1100,0
ACC0022,DEV0022,2026-07-02 12:01:29,4201.41,M013,5812,1100,0
ACC0022,DEV0022,2026-07-04 08:11:08,644.71,M037,5999,1100,0
ACC0022,DEV0022,2026-07-04 16:36:32,11408.92,M022,4111,1100,0
ACC0022,DEV0022,2026-07-06 22:24:12,723.99,M039,5942,1100,0
ACC0022,DEV0022,2026-07-07 08:23:26,668.01,M022,5942,1100,0
ACC0022,DEV0022,2026-07-07 22:28:22,2277.13,M037,5942,1100,0
ACC0022,DEV0022,2026-07-09 16:03:24,1528.63,M011,5691,1100,0
ACC0022,DEV0022,2026-07-09 17:52:08,930.21,M036,4111,1100,0
ACC0022,DEV0022,2026-07-10 08:27:19,971.83,M006,5999,1100,0
ACC0022,DEV0022,2026-07-13 07:10:35,1287.42,M006,4111,1100,0
ACC0022,DEV0022,2026-07-13 09:54:33,514.2,M027,4111,1100,0
ACC0022,DEV0022,2026-07-13 14:21:20,3404.55,M016,4111,1100,0
ACC0022,DEV0022,2026-07-13 15:00:52,794.81,M031,5691,1100,0
ACC0022,DEV0022,2026-07-13 19:28:44,1928.68,M036,5999,1100,0
ACC0022,DEV0022,2026-07-13 20:52:02,7562.21,M006,5732,1100,0
ACC0022,DEV0022,2026-07-14 08:48:59,191.94,M033,5812,1100,0
ACC0022,DEV0022,2026-07-14 10:39:00,617.94,M012,5691,1100,0
ACC0022,DEV0022,2026-07-14 13:07:19,2687.61,M006,5999,1100,0
ACC0022,DEV0022,2026-07-16 08:28:54,3015.48,M006,5812,1100,0
ACC0022,DEV0022,2026-07-16 17:52:55,3836.76,M000,5691,1100,0
ACC0022,DEV0022,2026-07-17 17:09:31,1296.67,M007,5732,1100,0
ACC0022,DEV0022,2026-07-19 22:54:06,931.53,M000,5999,1100,0
ACC0022,DEV0022,2026-07-20 15:59:10,1032.31,M012,5812,1100,0
ACC0022,DEV0022,2026-07-20 21:32:20,4811.87,M004,5732,1100,0
ACC0022,DEV0022,2026-07-21 10:07:15,1056.7,M007,5999,1100,0
ACC0022,DEV0022,2026-07-23 16:52:10,1113.22,M008,5999,1100,0
ACC0022,DEV0022,2026-07-23 19:11:39,1844.64,M037,5942,1100,0
ACC0022,DEV0022,2026-07-26 07:43:36,2584.7,M024,5999,1100,0
ACC0022,DEV0022,2026-07-26 14:03:57,11281.89,M029,5812,1100,0
ACC0022,DEV0022,2026-07-27 16:36:47,2262.64,M021,5812,1100,0
ACC0022,DEV0022,2026-07-28 21:32:52,919.43,M005,5732,1100,0
ACC0022,DEV0022,2026-07-29 16:49:38,4314.24,M030,5411,1100,0
ACC0022,DEV0022,2026-07-29 17:07:12,468.52,M022,5814,1100,0
ACC0022,DEV0022,2026-07-30 18:04:05,116.8,M023,5732,1100,0
ACC0023,DEV0023,2026-07-03 19:22:03,1759.12,M024,5942,829,0
ACC0023,DEV0023,2026-07-03 20:51:00,2025.96,M015,5732,829,0
ACC0023,DEV0023,2026-07-04 06:18:11,13785.88,M028,5691,829,0
ACC0023,DEV0023,2026-07-04 08:59:07,1859.99,M015,5812,829,0
ACC0023,DEV0023,2026-07-06 10:55:40,1714.19,M035,5942,829,0
ACC0023,DEV0023,2026-07-08 07:49:38,1652.87,M009,5942,829,0
ACC0023,DEV0023,2026-07-08 17:55:47,825.3,M012,5999,829,0
ACC0023,DEV0023,2026-07-08 18:12:58,2484.93,M030,5942,829,0
ACC0023,DEV0023,2026-07-09 09:30:16,2231.74,M024,5814,829,0
ACC0023,DEV0023,2026-07-09 20:29:27,2343.23,M024,4111,829,0
ACC0023,DEV0023,2026-07-10 07:26:19,539.12,M005,5999,829,0
ACC0023,DEV0023,2026-07-10 08:14:09,7213.58,M032,5942,829,0
ACC0023,DEV0023,2026-07-10 13:54:24,19736.45,M035,5411,829,0
ACC0023,DEV0023,2026-07-10 19:32:43,6304.52,M000,5411,829,0
ACC0023,DEV0023,2026-07-11 17:20:00,384.59,M000,5691,829,0
ACC0023,DEV0023,2026-07-12 10:14:13,5220.39,M024,5814,829,0
ACC0023,DEV0023,2026-07-12 11:46:49,19144.52,M009,5999,829,0
ACC0023,DEV0023,2026-07-14 09:27:27,4852.49,M030,5691,829,0
ACC0023,DEV0023,2026-07-14 12:52:10,5204.03,M031,5691,829,0
ACC0023,DEV0023,2026-07-15 11:23:37,2702.49,M010,5411,829,0
ACC0023,DEV0023,2026-07-15 22:07:27,233.99,M036,5942,829,0
ACC0023,DEV0023,2026-07-16 22:13:11,1048.7,M010,5691,829,0
ACC0023,DEV0023,2026-07-17 10:38:03,779.81,M028,5814,829,0
ACC0023,DEV0023,2026-07-18 13:28:37,1682.44,M028,5411,829,0
ACC0023,DEV0023,2026-07-18 16:26:11,528.74,M027,5999,829,0
ACC0023,DEV0023,2026-07-18 17:15:22,2941.92,M011,5732,829,0
ACC0023,DEV0023,2026-07-18 19:16:59,742.63,M030,5999,829,0
ACC0023,DEV0023,2026-07-20 11:48:19,2937.47,M010,5691,829,0
ACC0023,DEV0023,2026-07-21 17:11:16,7506.76,M002,5812,829,0
ACC0023,DEV0023,2026-07-22 17:43:56,1676.11,M021,4111,829,0
ACC0023,DEV0023,2026-07-23 06:22:00,2144.17,M002,5814,829,0
ACC0023,DEV0023,2026-07-23 15:05:41,1162.48,M009,5691,829,0
ACC0023,DEV0023,2026-07-23 18:34:50,5874.94,M001,4111,829,0
ACC0023,DEV0023,2026-07-23 22:04:03,2794.07,M012,5942,829,0
ACC0023,DEV0023,2026-07-24 06:44:04,4268.62,M016,5999,829,0
ACC0023,DEV0023,2026-07-27 09:20:00,6422.89,M028,5732,829,0
ACC0023,DEV0023,2026-07-27 19:07:23,322.03,M012,5732,829,0
ACC0023,DEV0023,2026-07-29 07:51:03,596.57,M007,5411,829,0
ACC0024,DEV0024,2026-07-01 19:29:49,3859.73,M030,5732,1578,0
ACC0024,DEV0024,2026-07-02 07:56:43,2287.28,M006,5691,1578,0
ACC0024,DEV0024,2026-07-02 10:33:34,2523.87,M030,5942,1578,0
ACC0024,DEV0024,2026-07-02 15:17:17,3942.34,M005,5812,1578,0
ACC0024,DEV0024,2026-07-02 15:29:41,1551.18,M007,5812,1578,0
ACC0024,DEV0024,2026-07-02 21:32:45,2304.56,M003,4111,1578,0
ACC0024,DEV0024,2026-07-03 06:14:03,925.49,M037,5411,1578,0
ACC0024,DEV0024,2026-07-03 16:21:10,1067.95,M039,5411,1578,0
ACC0024,DEV0024,2026-07-03 18:38:31,2732.28,M032,5691,1578,0
ACC0024,DEV0024,2026-07-04 16:40:08,3094.66,M028,5691,1578,0
ACC0024,DEV0024,2026-07-04 19:16:04,37487.48,M024,5411,1578,0
ACC0024,DEV0024,2026-07-05 19:02:45,2623.66,M013,4111,1578,0
ACC0024,DEV0024,2026-07-06 17:20:29,2747.64,M027,5732,1578,0
ACC0024,DEV0024,2026-07-06 19:48:58,10686.32,M007,5812,1578,0
ACC0024,DEV0024,2026-07-07 08:31:21,831.74,M009,5411,1578,0
ACC0024,DEV0024,2026-07-09 08:26:57,899.45,M003,5411,1578,0
ACC0024,DEV0024,2026-07-10 18:19:39,3148.86,M009,5732,1578,0
ACC0024,DEV0024,2026-07-11 11:20:16,550.93,M035,4111,1578,0
ACC0024,DEV0024,2026-07-11 21:47:17,752.91,M035,5999,1578,0
ACC0024,DEV0024,2026-07-14 14:07:58,1880.54,M032,5732,1578,0
ACC0024,DEV0024,2026-07-15 22:29:40,4285.91,M016,5732,1578,0
ACC0024,DEV0024,2026-07-16 07:48:18,673.81,M001,5411,1578,0
ACC0024,DEV0024,2026-07-17 06:04:09,3180.89,M007,5411,1578,0
ACC0024,DEV0024,2026-07-17 14:50:20,877.23,M027,5411,1578,0
ACC0024,DEV0024,2026-07-19 22:18:35,1610.33,M038,5691,1578,0
ACC0024,DEV0024,2026-07-19 22:45:20,436.13,M019,5812,1578,0
ACC0024,DEV0024,2026-07-20 15:42:33,1470.79,M027,5999,1578,0
ACC0024,DEV0024,2026-07-21 06:05:07,1700.17,M005,5942,1578,0
ACC0024,DEV0024,2026-07-21 09:50:38,5018.48,M011,5812,1578,0
ACC0024,DEV0024,2026-07-21 14:02:02,2776.55,M025,5999,1578,0
ACC0024,DEV0024,2026-07-21 15:08:19,5787.73,M032,5942,1578,0
ACC0024,DEV0024,2026-07-22 06:57:22,16883.52,M009,5942,1578,0
ACC0024,DEV0024,2026-07-22 18:43:34,2882.26,M017,4111,1578,0
ACC0024,DEV0024,2026-07-23 14:07:01,343.26,M030,5814,1578,0
ACC0024,DEV0024,2026-07-24 13:15:52,1000.27,M019,5732,1578,0
ACC0024,DEV0024,2026-07-25 06:55:03,493.73,M039,5732,1578,0
ACC0024,DEV0024,2026-07-27 11:04:06,1154.15,M018,4111,1578,0
ACC0024,DEV0024,2026-07-29 09:44:52,3794.4,M019,5411,1578,0
ACC0024,DEV0024,2026-07-29 15:47:36,1113.51,M037,4111,1578,0
ACC0024,DEV0024,2026-07-30 08:48:33,2936.94,M031,5999,1578,0
ACC0024,DEV0024,2026-07-30 11:19:00,770.71,M004,5814,1578,0
ACC0024,DEV0024,2026-07-30 12:05:50,4325.78,M024,5691,1578,0
ACC0025,DEV0025,2026-07-01 20:47:08,1739.01,M018,5999,1781,0
ACC0025,DEV0025,2026-07-03 06:19:12,265.92,M035,5411,1781,0
ACC0025,DEV0025,2026-07-03 12:53:01,1304.74,M023,5732,1781,0
ACC0025,DEV0025,2026-07-04 15:56:28,840.24,M019,4111,1781,0
ACC0025,DEV0025,2026-07-05 20:19:10,3899.5,M006,5999,1781,0
ACC0025,DEV0025,2026-07-06 11:38:23,1204.56,M023,5999,1781,0
ACC0025,DEV0025,2026-07-06 16:07:18,4959.7,M013,5814,1781,0
ACC0025,DEV0025,2026-07-06 21:31:02,1102.41,M005,5411,1781,0
ACC0025,DEV0025,2026-07-07 12:30:43,3362.27,M000,5812,1781,0
ACC0025,DEV0025,2026-07-08 21:31:27,2103.88,M016,5999,1781,0
ACC0025,DEV0025,2026-07-09 08:51:28,4625.87,M001,5732,1781,0
ACC0025,DEV0025,2026-07-09 09:33:41,2935.53,M036,4111,1781,0
ACC0025,DEV0025,2026-07-11 14:26:08,1159.91,M037,5691,1781,0
ACC0025,DEV0025,2026-07-11 17:14:58,2076.05,M010,5942,1781,0
ACC0025,DEV0025,2026-07-11 20:55:51,1538.06,M009,5999,1781,0
ACC0025,DEV0025,2026-07-12 13:31:29,3939.58,M021,5814,1781,0
ACC0025,DEV0025,2026-07-12 17:28:38,362.76,M002,5411,1781,0
ACC0025,DEV0025,2026-07-14 19:24:30,1927.8,M036,5814,1781,0
ACC0025,DEV0025,2026-07-15 18:06:47,1842.71,M035,4111,1781,0
ACC0025,DEV0025,2026-07-16 13:37:03,2945.37,M024,5812,1781,0
ACC0025,DEV0025,2026-07-16 14:32:03,1912.57,M026,4111,1781,0
ACC0025,DEV0025,2026-07-17 20:16:51,3882.03,M031,5411,1781,0
ACC0025,DEV0025,2026-07-18 07:24:20,416.44,M010,5999,1781,0
ACC0025,DEV0025,2026-07-21 07:52:52,3100.46,M006,5999,1781,0
ACC0025,DEV0025,2026-07-23 18:33:10,2752.66,M017,5814,1781,0
ACC0025,DEV0025,2026-07-25 10:44:04,121.05,M022,5942,1781,0
ACC0025,DEV0025,2026-07-25 13:19:26,1070.18,M039,5732,1781,0
ACC0025,DEV0025,2026-07-27 10:45:11,188.82,M000,5732,1781,0
ACC0025,DEV0025,2026-07-28 07:52:08,2938.6,M035,5732,1781,0
ACC0025,DEV0025,2026-07-29 18:15:19,2448.18,M013,5999,1781,0
ACC0026,DEV0026,2026-07-01 07:50:54,886.21,M013,5999,1879,0
ACC0026,DEV0026,2026-07-01 13:47:33,815.92,M038,4111,1879,0
ACC0026,DEV0026,2026-07-01 17:25:48,3298.07,M015,4111,1879,0
ACC0026,DEV0026,2026-07-01 18:13:40,3676.3,M022,5812,1879,0
ACC0026,DEV0026,2026-07-01 21:17:33,1102.86,M033,5812,1879,0
ACC0026,DEV0026,2026-07-02 16:29:17,9615.4,M031,5812,1879,0
ACC0026,DEV0026,2026-07-02 20:31:36,1736.55,M023,5691,1879,0
ACC0026,DEV0026,2026-07-03 09:43:44,2057.83,M022,5814,1879,0
ACC0026,DEV0026,2026-07-03 16:38:58,6175.8,M015,5411,1879,0
ACC0026,DEV0026,2026-07-03 20:54:24,2028.66,M030,5942,1879,0
ACC0026,DEV0026,2026-07-05 14:25:48,679.64,M028,5999,1879,0
ACC0026,DEV0026,2026-07-06 14:57:36,2646.07,M018,5732,1879,0
ACC0026,DEV0026,2026-07-08 22:26:55,363.2,M028,5812,1879,0
ACC0026,DEV0026,2026-07-09 14:36:52,1998.53,M021,4111,1879,0
ACC0026,DEV0026,2026-07-09 20:10:04,2012.54,M036,4111,1879,0
ACC0026,DEV0026,2026-07-10 08:22:50,5464.38,M017,5691,1879,0
ACC0026,DEV0026,2026-07-10 19:30:59,13124.82,M023,5942,1879,0
ACC0026,DEV0026,2026-07-11 22:00:01,4810.68,M019,5411,1879,0
ACC0026,DEV0026,2026-07-12 17:17:47,3656.24,M018,5999,1879,0
ACC0026,DEV0026,2026-07-12 19:09:13,7799.38,M028,4111,1879,0
ACC0026,DEV0026,2026-07-14 15:32:53,1439.76,M012,5999,1879,0
ACC0026,DEV0026,2026-07-15 07:14:51,14241.2,M019,5812,1879,0
ACC0026,DEV0026,2026-07-15 17:28:25,440.26,M005,5732,1879,0
ACC0026,DEV0026,2026-07-17 10:20:08,7488.14,M025,4111,1879,0
ACC0026,DEV0026,2026-07-19 19:56:29,5407.39,M020,5411,1879,0
ACC0026,DEV0026,2026-07-20 13:30:31,3330.05,M020,4111,1879,0
ACC0026,DEV0026,2026-07-20 21:53:11,1841.61,M028,5411,1879,0
ACC0026,DEV0026,2026-07-21 19:51:00,4792.23,M012,5814,1879,0
ACC0026,DEV0026,2026-07-22 11:10:45,3762.76,M019,5812,1879,0
ACC0026,DEV0026,2026-07-23 21:26:16,1426.16,M009,5732,1879,0
ACC0026,DEV0026,2026-07-24 06:45:37,4931.88,M006,5411,1879,0
ACC0026,DEV0026,2026-07-24 07:29:44,549.78,M039,5942,1879,0
ACC0026,DEV0026,2026-07-24 18:23:54,1417.25,M031,4111,1879,0
ACC0026,DEV0026,2026-07-24 19:03:19,2829.1,M031,5942,1879,0
ACC0026,DEV0026,2026-07-24 19:25:15,2301.81,M012,5812,1879,0
ACC0026,DEV0026,2026-07-25 10:02:28,3013.05,M018,5411,1879,0
ACC0026,DEV0026,2026-07-28 13:40:17,2583.13,M039,5812,1879,0
ACC0026,DEV0026,2026-07-29 22:13:26,1702.59,M000,4111,1879,0
ACC0026,DEV0026,2026-07-30 08:14:14,1882.46,M037,4111,1879,0
ACC0027,DEV0027,2026-07-01 10:16:43,475.46,M020,4111,1248,0
ACC0027,DEV0027,2026-07-05 17:20:33,800.98,M018,5942,1248,0
ACC0027,DEV0027,2026-07-07 21:38:08,1549.93,M008,5999,1248,0
ACC0027,DEV0027,2026-07-08 22:31:35,9004.53,M007,5814,1248,0
ACC0027,DEV0027,2026-07-10 11:03:34,3192.13,M018,4111,1248,0
ACC0027,DEV0027,2026-07-10 19:30:32,328.95,M032,5732,1248,0
ACC0027,DEV0027,2026-07-11 07:48:39,1463.31,M028,5411,1248,0
ACC0027,DEV0027,2026-07-11 13:51:45,1525.57,M010,5812,1248,0
ACC0027,DEV0027,2026-07-11 18:16:21,3706.06,M007,5999,1248,0
ACC0027,DEV0027,2026-07-12 11:32:12,549.86,M011,5691,1248,0
ACC0027,DEV0027,2026-07-14 14:09:53,3735.77,M034,5411,1248,0
ACC0027,DEV0027,2026-07-16 06:13:12,1728.47,M016,4111,1248,0
ACC0027,DEV0027,2026-07-18 10:40:23,2539.3,M019,5691,1248,0
ACC0027,DEV0027,2026-07-19 09:20:07,3446.16,M009,5732,1248,0
ACC0027,DEV0027,2026-07-19 21:21:50,1699.92,M004,4111,1248,0
ACC0027,DEV0027,2026-07-20 11:55:47,2215.44,M024,5411,1248,0
ACC0027,DEV0027,2026-07-21 21:34:17,1720.57,M014,5732,1248,0
ACC0027,DEV0027,2026-07-26 18:00:10,1240.67,M011,5411,1248,0
ACC0027,DEV0027,2026-07-27 07:11:45,1021.33,M029,5942,1248,0
ACC0027,DEV0027,2026-07-28 22:36:36,20288.42,M003,5732,1248,0
ACC0028,DEV0028,2026-07-01 07:09:39,5952.66,M021,5411,739,0
ACC0028,DEV0028,2026-07-02 13:52:44,2510.59,M013,5814,739,0
ACC0028,DEV0028,2026-07-02 20:22:43,716.17,M030,5691,739,0
ACC0028,DEV0028,2026-07-02 22:59:34,5177.49,M007,5814,739,0
ACC0028,DEV0028,2026-07-03 16:28:09,3740.12,M032,5691,739,0
ACC0028,DEV0028,2026-07-03 20:08:25,1523.17,M025,5999,739,0
ACC0028,DEV0028,2026-07-08 17:34:54,1374.72,M017,4111,739,0
ACC0028,DEV0028,2026-07-08 18:32:56,9554.58,M009,5411,739,0
ACC0028,DEV0028,2026-07-08 20:57:36,6880.04,M031,5814,739,0
ACC0028,DEV0028,2026-07-09 10:28:43,7096.82,M006,5812,739,0
ACC0028,DEV0028,2026-07-09 16:12:27,2337.17,M031,5942,739,0
ACC0028,DEV0028,2026-07-13 07:44:30,1176.77,M012,5814,739,0
ACC0028,DEV0028,2026-07-13 14:00:05,2560.44,M007,5814,739,0
ACC0028,DEV0028,2026-07-13 20:52:45,730.01,M008,5732,739,0
ACC0028,DEV0028,2026-07-15 16:27:22,371.69,M006,5814,739,0
ACC0028,DEV0028,2026-07-17 10:00:55,2073.25,M013,5732,739,0
ACC0028,DEV0028,2026-07-18 06:25:47,634.47,M003,5814,739,0
ACC0028,DEV0028,2026-07-18 14:19:24,3188.07,M006,5691,739,0
ACC0028,DEV0028,2026-07-19 09:39:17,1957.99,M008,5732,739,0
ACC0028,DEV0028,2026-07-19 22:24:40,1154.83,M025,5732,739,0
ACC0028,DEV0028,2026-07-21 12:29:29,537.69,M018,5814,739,0
ACC0028,DEV0028,2026-07-23 10:55:25,481.89,M019,5814,739,0
ACC0028,DEV0028,2026-07-23 18:06:57,3708.37,M028,5814,739,0
ACC0028,DEV0028,2026-07-24 21:11:57,1532.03,M009,5999,739,0
ACC0028,DEV0028,2026-07-27 16:41:00,1719.05,M037,5732,739,0
ACC0028,DEV0028,2026-07-30 06:49:09,3048.36,M008,5411,739,0
ACC0029,DEV0029,2026-07-01 15:13:03,1634.71,M022,5691,254,0
ACC0029,DEV0029,2026-07-01 20:37:46,3645.87,M011,5814,254,0
ACC0029,DEV0029,2026-07-01 22:25:04,3402.88,M012,5942,254,0
ACC0029,DEV0029,2026-07-02 15:01:32,1941.07,M004,4111,254,0
ACC0029,DEV0029,2026-07-03 10:07:19,922.45,M028,5732,254,0
ACC0029,DEV0029,2026-07-04 13:17:17,1253.03,M024,4111,254,0
ACC0029,DEV0029,2026-07-04 16:28:25,847.58,M025,4111,254,0
ACC0029,DEV0029,2026-07-05 22:02:45,874.0,M028,5999,254,0
ACC0029,DEV0029,2026-07-06 17:51:38,1513.29,M031,5732,254,0
ACC0029,DEV0029,2026-07-07 06:57:53,1100.23,M002,4111,254,0
ACC0029,DEV0029,2026-07-08 17:30:14,506.81,M020,5999,254,0
ACC0029,DEV0029,2026-07-09 14:16:56,1159.66,M021,5942,254,0
ACC0029,DEV0029,2026-07-09 16:15:13,1694.18,M014,5942,254,0
ACC0029,DEV0029,2026-07-09 17:42:26,2824.65,M005,5942,254,0
ACC0029,DEV0029,2026-07-10 06:53:40,471.59,M003,5814,254,0
ACC0029,DEV0029,2026-07-13 15:19:16,5380.15,M008,5691,254,0
ACC0029,DEV0029,2026-07-14 16:40:28,1683.84,M022,5812,254,0
ACC0029,DEV0029,2026-07-15 08:06:49,283.6,M033,5812,254,0
ACC0029,DEV0029,2026-07-16 13:12:00,536.11,M004,5999,254,0
ACC0029,DEV0029,2026-07-17 19:25:21,10734.59,M005,5411,254,0
ACC0029,DEV0029,2026-07-19 07:50:49,1523.5,M023,5691,254,0
ACC0029,DEV0029,2026-07-19 18:52:27,1242.91,M028,5942,254,0
ACC0029,DEV0029,2026-07-20 08:50:39,1720.03,M037,4111,254,0
ACC0029,DEV0029,2026-07-20 12:52:08,787.01,M024,5411,254,0
ACC0029,DEV0029,2026-07-20 18:48:45,2706.4,M017,5812,254,0
ACC0029,DEV0029,2026-07-20 20:55:56,1450.04,M028,4111,254,0
ACC0029,DEV0029,2026-07-24 12:30:40,1414.45,M028,5411,254,0
ACC0029,DEV0029,2026-07-24 14:32:41,869.56,M018,5691,254,0
ACC0029,DEV0029,2026-07-24 14:48:51,1339.02,M032,5411,254,0
ACC0029,DEV0029,2026-07-29 09:18:24,1696.37,M022,5942,254,0
ACC0029,DEV0029,2026-07-29 17:46:25,4248.15,M020,5942,254,0
ACC0030,DEV0030,2026-07-02 06:36:29,1655.85,M023,5999,1009,0
ACC0030,DEV0030,2026-07-03 07:55:11,4299.98,M019,5732,1009,0
ACC0030,DEV0030,2026-07-03 10:38:24,1970.41,M017,5732,1009,0
ACC0030,DEV0030,2026-07-05 20:10:12,860.91,M012,4111,1009,0
ACC0030,DEV0030,2026-07-06 07:52:52,278.06,M035,5999,1009,0
ACC0030,DEV0030,2026-07-07 11:57:37,1202.1,M004,5942,1009,0
ACC0030,DEV0030,2026-07-08 07:02:35,553.49,M037,5411,1009,0
ACC0030,DEV0030,2026-07-09 17:06:03,606.34,M005,5691,1009,0
ACC0030,DEV0030,2026-07-10 08:07:41,3174.35,M015,4111,1009,0
ACC0030,DEV0030,2026-07-11 11:05:25,1107.5,M037,5732,1009,0
ACC0030,DEV0030,2026-07-16 13:04:08,1207.37,M019,5812,1009,0
ACC0030,DEV0030,2026-07-17 09:54:03,2499.18,M007,5999,1009,0
ACC0030,DEV0030,2026-07-17 22:31:43,491.85,M022,5812,1009,0
ACC0030,DEV0030,2026-07-20 22:39:22,1912.46,M027,5942,1009,0
ACC0030,DEV0030,2026-07-23 15:12:14,874.93,M003,5411,1009,0
ACC0030,DEV0030,2026-07-24 13:13:08,174.21,M008,5411,1009,0
ACC0030,DEV0030,2026-07-25 22:52:58,460.3,M018,5942,1009,0
ACC0030,DEV0030,2026-07-26 20:19:00,2492.51,M028,5411,1009,0
ACC0030,DEV0030,2026-07-27 07:50:27,1435.03,M009,5999,1009,0
ACC0030,DEV0030,2026-07-28 10:18:32,6992.5,M014,5942,1009,0
ACC0030,DEV0030,2026-07-28 16:42:16,366.91,M005,5812,1009,0
ACC0031,DEV0031,2026-07-02 09:24:18,430.86,M028,5691,1159,0
ACC0031,DEV0031,2026-07-02 22:05:19,1830.81,M032,5942,1159,0
ACC0031,DEV0031,2026-07-05 10:56:26,3847.78,M029,5814,1159,0
ACC0031,DEV0031,2026-07-05 14:38:54,2227.53,M026,4111,1159,0
ACC0031,DEV0031,2026-07-06 11:49:50,782.25,M021,5999,1159,0
ACC0031,DEV0031,2026-07-06 19:38:12,1935.46,M007,5732,1159,0
ACC0031,DEV0031,2026-07-08 11:15:20,1692.24,M026,5812,1159,0
ACC0031,DEV0031,2026-07-08 21:26:30,1718.85,M001,5814,1159,0
ACC0031,DEV0031,2026-07-08 21:45:28,1736.98,M030,5999,1159,0
ACC0031,DEV0031,2026-07-09 22:10:40,244.0,M014,5942,1159,0
ACC0031,DEV0031,2026-07-13 17:49:19,963.96,M019,5942,1159,0
ACC0031,DEV0031,2026-07-13 22:07:23,3032.04,M033,5732,1159,0
ACC0031,DEV0031,2026-07-15 18:42:45,809.04,M019,5691,1159,0
ACC0031,DEV0031,2026-07-17 08:08:47,642.44,M006,5812,1159,0
ACC0031,DEV0031,2026-07-17 17:36:25,2471.83,M007,5942,1159,0
ACC0031,DEV0031,2026-07-17 19:54:52,2286.08,M029,5999,1159,0
ACC0031,DEV0031,2026-07-19 19:24:26,3925.42,M003,5411,1159,0
ACC0031,DEV0031,2026-07-24 08:55:27,460.47,M025,5411,1159,0
ACC0031,DEV0031,2026-07-28 10:43:06,587.59,M013,5732,1159,0
ACC0031,DEV0031,2026-07-30 21:17:32,2400.52,M012,5691,1159,0
ACC0032,DEV0032,2026-07-03 18:03:43,2336.62,M036,5691,103,0
ACC0032,DEV0032,2026-07-04 11:19:37,2145.13,M019,4111,103,0
ACC0032,DEV0032,2026-07-05 12:51:57,2596.22,M034,4111,103,0
ACC0032,DEV0032,2026-07-05 14:20:46,1311.62,M033,4111,103,0
ACC0032,DEV0032,2026-07-05 22:32:47,689.01,M012,5999,103,0
ACC0032,DEV0032,2026-07-06 13:59:36,1527.02,M016,5942,103,0
ACC0032,DEV0032,2026-07-06 14:33:47,3252.76,M006,5814,103,0
ACC0032,DEV0032,2026-07-07 14:20:01,1519.65,M017,5812,103,0
ACC0032,DEV0032,2026-07-07 18:42:10,1752.23,M003,5814,103,0
ACC0032,DEV0032,2026-07-07 19:37:03,2125.29,M025,5999,103,0
ACC0032,DEV0032,2026-07-09 14:47:02,1532.62,M031,5411,103,0
ACC0032,DEV0032,2026-07-10 13:04:24,1051.95,M001,5814,103,0
ACC0032,DEV0032,2026-07-10 13:15:03,1921.79,M020,5942,103,0
ACC0032,DEV0032,2026-07-10 18:34:03,4297.62,M018,5942,103,0
ACC0032,DEV0032,2026-07-11 07:40:27,2309.85,M000,5411,103,0
ACC0032,DEV0032,2026-07-14 12:32:38,1451.58,M039,5942,103,0
ACC0032,DEV0032,2026-07-14 16:01:14,1677.8,M034,5812,103,0
ACC0032,DEV0032,2026-07-14 16:16:31,964.48,M026,4111,103,0
ACC0032,DEV0032,2026-07-15 08:33:20,1117.76,M028,5814,103,0
ACC0032,DEV0032,2026-07-15 18:18:59,536.04,M018,5812,103,0
ACC0032,DEV0032,2026-07-16 17:40:53,4275.33,M024,5691,103,0
ACC0032,DEV0032,2026-07-17 20:41:20,5045.19,M030,5812,103,0
ACC0032,DEV0032,2026-07-18 15:36:50,309.63,M003,5691,103,0
ACC0032,DEV0032,2026-07-18 19:39:06,1162.92,M019,5691,103,0
ACC0032,DEV0032,2026-07-18 22:29:14,1922.94,M006,5411,103,0
ACC0032,DEV0032,2026-07-19 21:07:05,2796.93,M039,4111,103,0
ACC0032,DEV0032,2026-07-20 07:40:12,830.37,M035,5691,103,0
ACC0032,DEV0032,2026-07-21 07:36:01,3927.48,M033,5411,103,0
ACC0032,DEV0032,2026-07-21 09:40:03,1862.8,M029,5812,103,0
ACC0032,DEV0032,2026-07-23 07:33:34,5579.99,M014,5732,103,0
ACC0032,DEV0032,2026-07-23 18:41:14,950.72,M029,5812,103,0
ACC0032,DEV0032,2026-07-26 11:04:11,868.2,M003,5999,103,0
ACC0032,DEV0032,2026-07-28 09:18:00,2583.02,M039,5942,103,0
ACC0033,DEV0033,2026-07-01 20:27:32,1562.26,M006,5814,1509,0
ACC0033,DEV0033,2026-07-03 22:49:08,2404.56,M025,5814,1509,0
ACC0033,DEV0033,2026-07-05 18:25:15,1986.88,M019,4111,1509,0
ACC0033,DEV0033,2026-07-06 22:11:36,319.48,M012,5411,1509,0
ACC0033,DEV0033,2026-07-07 08:09:11,781.44,M032,5732,1509,0
ACC0033,DEV0033,2026-07-08 17:04:50,2594.63,M000,5814,1509,0
ACC0033,DEV0033,2026-07-12 22:55:16,477.4,M001,4111,1509,0
ACC0033,DEV0033,2026-07-13 13:16:30,470.84,M029,5691,1509,0
ACC0033,DEV0033,2026-07-15 06:45:30,5226.61,M022,5814,1509,0
ACC0033,DEV0033,2026-07-15 14:19:25,649.2,M032,5999,1509,0
ACC0033,DEV0033,2026-07-17 14:24:56,1084.77,M035,5411,1509,0
ACC0033,DEV0033,2026-07-17 17:58:00,824.13,M034,4111,1509,0
ACC0033,DEV0033,2026-07-17 19:42:51,747.91,M039,5812,1509,0
ACC0033,DEV0033,2026-07-19 19:07:02,438.34,M005,4111,1509,0
ACC0033,DEV0033,2026-07-21 21:59:12,2696.0,M035,5691,1509,0
ACC0033,DEV0033,2026-07-22 08:35:59,2400.15,M008,5942,1509,0
ACC0033,DEV0033,2026-07-22 09:05:15,15088.3,M036,4111,1509,0
ACC0033,DEV0033,2026-07-22 16:31:48,662.94,M002,5814,1509,0
ACC0033,DEV0033,2026-07-23 14:15:42,805.05,M021,5814,1509,0
ACC0033,DEV0033,2026-07-24 18:00:12,15064.27,M012,5732,1509,0
ACC0033,DEV0033,2026-07-25 11:46:56,4392.73,M005,5812,1509,0
ACC0033,DEV0033,2026-07-27 16:26:56,1603.45,M010,5942,1509,0
ACC0033,DEV0033,2026-07-27 20:47:13,1870.91,M001,4111,1509,0
ACC0033,DEV0033,2026-07-29 18:23:35,2914.37,M000,5814,1509,0
ACC0033,DEV0033,2026-07-30 16:40:03,3110.43,M032,5411,1509,0
ACC0034,DEV0034,2026-07-01 06:07:40,3431.61,M035,5812,1645,0
ACC0034,DEV0034,2026-07-01 06:47:30,2217.97,M002,5691,1645,0
ACC0034,DEV0034,2026-07-02 18:20:56,773.93,M022,4111,1645,0
ACC0034,DEV0034,2026-07-03 18:31:26,2257.77,M018,5691,1645,0
ACC0034,DEV0034,2026-07-04 07:41:39,965.53,M033,5691,1645,0
ACC0034,DEV0034,2026-07-07 10:41:51,1172.12,M019,5691,1645,0
ACC0034,DEV0034,2026-07-10 14:37:44,4822.62,M038,5999,1645,0
ACC0034,DEV0034,2026-07-10 21:39:53,8193.83,M030,4111,1645,0
ACC0034,DEV0034,2026-07-12 14:46:35,1133.66,M039,5942,1645,0
ACC0034,DEV0034,2026-07-15 06:17:52,1121.47,M028,5942,1645,0
ACC0034,DEV0034,2026-07-17 08:56:35,1504.01,M004,5411,1645,0
ACC0034,DEV0034,2026-07-20 18:11:43,2682.75,M017,5999,1645,0
ACC0034,DEV0034,2026-07-21 14:46:19,3890.08,M035,5691,1645,0
ACC0034,DEV0034,2026-07-23 07:50:30,693.35,M008,5942,1645,0
ACC0034,DEV0034,2026-07-26 08:45:15,885.25,M021,5812,1645,0
ACC0034,DEV0034,2026-07-26 08:49:43,1137.12,M036,4111,1645,0
ACC0034,DEV0034,2026-07-27 11:09:50,6511.56,M017,5814,1645,0
ACC0034,DEV0034,2026-07-27 12:32:26,1162.29,M020,5411,1645,0
ACC0034,DEV0034,2026-07-28 18:30:01,934.96,M031,5814,1645,0
ACC0034,DEV0034,2026-07-29 20:45:09,1826.66,M036,5732,1645,0
ACC0034,DEV0034,2026-07-29 21:35:33,1160.53,M030,5942,1645,0
ACC0035,DEV0035,2026-07-01 06:57:18,711.07,M005,5732,1015,0
ACC0035,DEV0035,2026-07-01 15:11:34,883.72,M010,5942,1015,0
ACC0035,DEV0035,2026-07-02 07:22:44,2898.68,M032,5814,1015,0
ACC0035,DEV0035,2026-07-05 20:23:14,549.01,M023,5814,1015,0
ACC0035,DEV0035,2026-07-06 13:02:16,3220.63,M013,5732,1015,0
ACC0035,DEV0035,2026-07-07 14:29:17,5551.28,M027,5942,1015,0
ACC0035,DEV0035,2026-07-07 21:33:06,1861.32,M012,5999,1015,0
ACC0035,DEV0035,2026-07-08 11:31:14,2716.58,M035,5999,1015,0
ACC0035,DEV0035,2026-07-08 20:34:58,2587.53,M022,5812,1015,0
ACC0035,DEV0035,2026-07-09 15:18:02,1976.21,M013,5999,1015,0
ACC0035,DEV0035,2026-07-09 17:24:21,853.46,M029,5942,1015,0
ACC0035,DEV0035,2026-07-10 08:51:09,12767.94,M013,5999,1015,0
ACC0035,DEV0035,2026-07-16 10:01:38,2830.79,M009,5691,1015,0
ACC0035,DEV0035,2026-07-16 22:59:53,1249.25,M014,5999,1015,0
ACC0035,DEV0035,2026-07-17 07:39:22,3774.96,M037,5942,1015,0
ACC0035,DEV0035,2026-07-19 20:25:58,10630.78,M021,5999,1015,0
ACC0035,DEV0035,2026-07-19 20:47:42,397.91,M035,5999,1015,0
ACC0035,DEV0035,2026-07-20 10:19:46,12641.78,M009,4111,1015,0
ACC0035,DEV0035,2026-07-20 19:32:59,905.05,M030,5732,1015,0
ACC0035,DEV0035,2026-07-21 22:44:06,3330.91,M020,5812,1015,0
ACC0035,DEV0035,2026-07-22 22:28:01,2169.8,M000,5732,1015,0
ACC0035,DEV0035,2026-07-23 19:26:01,565.72,M019,5411,1015,0
ACC0035,DEV0035,2026-07-24 19:27:00,1136.36,M030,4111,1015,0
ACC0035,DEV0035,2026-07-29 08:35:06,1710.47,M020,5691,1015,0
ACC0035,DEV0035,2026-07-29 12:51:11,1135.03,M005,5814,1015,0
ACC0035,DEV0035,2026-07-29 18:35:46,1665.16,M004,5732,1015,0
ACC0036,DEV0036,2026-07-01 17:46:38,662.56,M039,4111,504,0
ACC0036,DEV0036,2026-07-02 14:30:30,1497.06,M012,5814,504,0
ACC0036,DEV0036,2026-07-03 13:51:42,345.37,M000,5999,504,0
ACC0036,DEV0036,2026-07-08 06:11:01,12184.85,M005,5691,504,0
ACC0036,DEV0036,2026-07-09 08:21:31,4097.25,M027,5942,504,0
ACC0036,DEV0036,2026-07-13 10:07:43,208.88,M010,5812,504,0
ACC0036,DEV0036,2026-07-13 10:09:44,7334.66,M000,5732,504,0
ACC0036,DEV0036,2026-07-13 14:40:14,2000.81,M008,5411,504,0
ACC0036,DEV0036,2026-07-17 10:00:16,21358.31,M028,5691,504,0
ACC0036,DEV0036,2026-07-17 12:01:22,1412.5,M020,5999,504,0
ACC0036,DEV0036,2026-07-19 15:39:58,1016.62,M003,5812,504,0
ACC0036,DEV0036,2026-07-20 15:55:34,5357.89,M030,5999,504,0
ACC0036,DEV0036,2026-07-21 20:09:42,3097.96,M003,5691,504,0
ACC0036,DEV0036,2026-07-22 09:18:49,798.7,M014,5814,504,0
ACC0036,DEV0036,2026-07-23 07:30:25,2668.59,M021,5814,504,0
ACC0036,DEV0036,2026-07-23 16:04:40,10781.86,M033,5942,504,0
ACC0036,DEV0036,2026-07-23 20:44:58,2339.51,M027,5691,504,0
ACC0036,DEV0036,2026-07-24 21:51:14,2274.21,M036,5812,504,0
ACC0036,DEV0036,2026-07-26 06:12:24,9835.62,M038,5999,504,0
ACC0036,DEV0036,2026-07-26 13:12:10,10504.38,M008,5814,504,0
ACC0036,DEV0036,2026-07-28 13:37:20,685.52,M000,5942,504,0
ACC0036,DEV0036,2026-07-29 17:21:41,210.11,M036,5732,504,0
ACC0036,DEV0036,2026-07-30 20:25:18,896.91,M004,5812,504,0
ACC0036,DEV0036,2026-07-30 21:13:43,408.28,M037,5814,504,0
ACC0037,DEV0037,2026-07-04 11:32:16,5111.53,M010,4111,202,0
ACC0037,DEV0037,2026-07-05 20:20:03,2183.56,M038,5411,202,0
ACC0037,DEV0037,2026-07-06 09:32:12,2416.64,M027,5691,202,0
ACC0037,DEV0037,2026-07-06 13:02:20,1794.13,M000,5942,202,0
ACC0037,DEV0037,2026-07-07 21:11:12,597.9,M010,5999,202,0
ACC0037,DEV0037,2026-07-08 09:50:33,2374.0,M033,5942,202,0
ACC0037,DEV0037,2026-07-09 07:06:59,6265.6,M016,5691,202,0
ACC0037,DEV0037,2026-07-09 08:39:25,1846.78,M032,5999,202,0
ACC0037,DEV0037,2026-07-09 17:49:54,918.24,M022,5732,202,0
ACC0037,DEV0037,2026-07-10 11:23:52,3989.81,M016,5691,202,0
ACC0037,DEV0037,2026-07-10 13:34:06,10732.57,M006,5411,202,0
ACC0037,DEV0037,2026-07-11 13:18:59,1330.47,M027,5812,202,0
ACC0037,DEV0037,2026-07-14 17:40:08,1440.19,M001,5411,202,0
ACC0037,DEV0037,2026-07-15 06:20:45,736.36,M034,5691,202,0
ACC0037,DEV0037,2026-07-15 11:20:01,9340.94,M030,5691,202,0
ACC0037,DEV0037,2026-07-15 17:04:47,83.68,M016,5812,202,0
ACC0037,DEV0037,2026-07-16 13:43:47,736.55,M029,5812,202,0
ACC0037,DEV0037,2026-07-16 20:46:43,2800.84,M011,5942,202,0
ACC0037,DEV0037,2026-07-17 11:52:22,8116.07,M039,5814,202,0
ACC0037,DEV0037,2026-07-17 17:25:24,1270.17,M034,5942,202,0
ACC0037,DEV0037,2026-07-17 21:46:28,6555.54,M009,4111,202,0
ACC0037,DEV0037,2026-07-18 19:05:30,1510.32,M033,5732,202,0
ACC0037,DEV0037,2026-07-19 11:28:47,1349.24,M017,5411,202,0
ACC0037,DEV0037,2026-07-20 11:25:35,5887.15,M022,5814,202,0
ACC0037,DEV0037,2026-07-20 13:26:11,1889.63,M013,5812,202,0
ACC0037,DEV0037,2026-07-20 13:54:26,3854.97,M010,4111,202,0
ACC0037,DEV0037,2026-07-20 16:46:04,2185.59,M021,5691,202,0
ACC0037,DEV0037,2026-07-22 10:15:03,578.14,M028,5814,202,0
ACC0037,DEV0037,2026-07-23 11:24:54,1184.79,M024,5812,202,0
ACC0037,DEV0037,2026-07-25 21:54:22,9498.58,M025,5812,202,0
ACC0037,DEV0037,2026-07-26 06:20:07,3264.57,M029,5812,202,0
ACC0037,DEV0037,2026-07-27 06:13:27,1934.21,M023,5812,202,0
ACC0037,DEV0037,2026-07-27 07:13:02,1053.86,M031,4111,202,0
ACC0037,DEV0037,2026-07-28 12:52:55,643.33,M023,4111,202,0
ACC0037,DEV0037,2026-07-29 15:01:21,556.8,M004,5812,202,0
ACC0038,DEV0038,2026-07-02 16:15:23,2770.66,M008,5411,437,0
ACC0038,DEV0038,2026-07-03 22:00:47,1662.67,M000,5942,437,0
ACC0038,DEV0038,2026-07-05 07:45:16,702.8,M002,5942,437,0
ACC0038,DEV0038,2026-07-07 17:59:55,3187.43,M022,5732,437,0
ACC0038,DEV0038,2026-07-09 22:57:52,6663.03,M036,5942,437,0
ACC0038,DEV0038,2026-07-10 11:08:08,823.03,M028,5999,437,0
ACC0038,DEV0038,2026-07-13 06:45:16,3159.66,M027,5814,437,0
ACC0038,DEV0038,2026-07-13 09:10:59,6774.43,M020,5732,437,0
ACC0038,DEV0038,2026-07-14 20:33:45,604.62,M007,5999,437,0
ACC0038,DEV0038,2026-07-15 13:02:18,969.49,M006,5812,437,0
ACC0038,DEV0038,2026-07-15 18:04:24,501.12,M018,5691,437,0
ACC0038,DEV0038,2026-07-16 09:14:43,3700.4,M001,5411,437,0
ACC0038,DEV0038,2026-07-16 12:34:10,999.32,M018,5942,437,0
ACC0038,DEV0038,2026-07-16 14:23:56,859.95,M020,5814,437,0
ACC0038,DEV0038,2026-07-17 12:42:58,2364.59,M018,5999,437,0
ACC0038,DEV0038,2026-07-17 15:21:42,3995.19,M020,5691,437,0
ACC0038,DEV0038,2026-07-18 09:58:24,1275.91,M016,5814,437,0
ACC0038,DEV0038,2026-07-19 09:35:05,2769.57,M031,5691,437,0
ACC0038,DEV0038,2026-07-20 18:10:19,1008.76,M011,4111,437,0
ACC0038,DEV0038,2026-07-21 12:00:49,1263.94,M035,5411,437,0
ACC0038,DEV0038,2026-07-23 20:26:25,730.35,M004,5411,437,0
ACC0038,DEV0038,2026-07-25 10:23:00,2314.86,M027,5942,437,0
ACC0038,DEV0038,2026-07-25 17:25:08,2502.01,M012,5411,437,0
ACC0038,DEV0038,2026-07-26 12:43:04,1350.49,M001,5812,437,0
ACC0038,DEV0038,2026-07-28 07:07:56,1801.38,M032,5814,437,0
ACC0038,DEV0038,2026-07-28 16:01:33,4077.57,M027,5999,437,0
ACC0038,DEV0038,2026-07-28 21:06:35,2327.27,M034,5999,437,0
ACC0038,DEV0038,2026-07-28 21:17:16,1628.17,M011,5411,437,0
ACC0038,DEV0038,2026-07-30 13:55:38,314.66,M011,5812,437,0
ACC0039,DEV0039,2026-07-05 07:41:50,5217.4,M033,5411,737,0
ACC0039,DEV0039,2026-07-07 10:28:26,127.71,M015,5691,737,0
ACC0039,DEV0039,2026-07-08 09:28:03,1426.5,M027,5999,737,0
ACC0039,DEV0039,2026-07-08 21:42:47,1683.37,M008,4111,737,0
ACC0039,DEV0039,2026-07-09 21:10:53,6168.99,M025,5732,737,0
ACC0039,DEV0039,2026-07-10 15:20:52,381.18,M035,5691,737,0
ACC0039,DEV0039,2026-07-11 12:44:07,749.41,M002,5814,737,0
ACC0039,DEV0039,2026-07-11 12:54:56,3763.31,M004,5411,737,0
ACC0039,DEV0039,2026-07-11 13:13:47,13110.91,M009,5999,737,0
ACC0039,DEV0039,2026-07-12 12:59:23,1155.79,M026,5411,737,0
ACC0039,DEV0039,2026-07-16 09:39:29,1139.18,M018,5814,737,0
ACC0039,DEV0039,2026-07-16 14:45:51,987.69,M014,5732,737,0
ACC0039,DEV0039,2026-07-16 15:52:39,2720.83,M029,5732,737,0
ACC0039,DEV0039,2026-07-17 10:29:37,1228.21,M025,5732,737,0
ACC0039,DEV0039,2026-07-18 19:48:39,943.48,M032,5942,737,0
ACC0039,DEV0039,2026-07-18 20:22:03,3231.24,M025,5942,737,0
ACC0039,DEV0039,2026-07-18 20:43:58,2153.43,M031,5732,737,0
ACC0039,DEV0039,2026-07-18 21:31:33,923.05,M025,5691,737,0
ACC0039,DEV0039,2026-07-19 10:44:37,6527.93,M023,5812,737,0
ACC0039,DEV0039,2026-07-21 07:21:40,867.71,M020,5812,737,0
ACC0039,DEV0039,2026-07-21 09:56:14,609.41,M009,5999,737,0
ACC0039,DEV0039,2026-07-22 08:03:29,2706.98,M028,5999,737,0
ACC0039,DEV0039,2026-07-22 11:00:00,389.13,M008,5812,737,0
ACC0039,DEV0039,2026-07-23 06:37:37,4457.61,M014,4111,737,0
ACC0039,DEV0039,2026-07-24 08:19:41,1852.98,M032,5411,737,0
ACC0039,DEV0039,2026-07-26 13:03:27,310.44,M034,5942,737,0
ACC0039,DEV0039,2026-07-27 11:54:06,417.43,M030,5814,737,0
ACC0039,DEV0039,2026-07-28 11:47:09,366.52,M036,5999,737,0
ACC0040,DEV0040,2026-07-01 15:36:20,4614.55,M039,5732,535,0
ACC0040,DEV0040,2026-07-04 19:38:09,1052.25,M008,5732,535,0
ACC0040,DEV0040,2026-07-06 12:12:14,8890.41,M026,5814,535,0
ACC0040,DEV0040,2026-07-06 17:46:41,1368.72,M026,5942,535,0
ACC0040,DEV0040,2026-07-06 22:43:45,3163.3,M003,5812,535,0
ACC0040,DEV0040,2026-07-07 14:47:29,769.06,M007,5814,535,0
ACC0040,DEV0040,2026-07-07 16:55:22,6343.33,M038,5942,535,0
ACC0040,DEV0040,2026-07-08 16:19:38,1940.28,M033,5942,535,0
ACC0040,DEV0040,2026-07-09 13:19:43,14857.21,M031,5942,535,0
ACC0040,DEV0040,2026-07-10 06:51:51,1082.47,M023,5411,535,0
ACC0040,DEV0040,2026-07-10 11:36:14,2982.34,M031,4111,535,0
ACC0040,DEV0040,2026-07-11 09:09:10,2395.16,M005,5812,535,0
ACC0040,DEV0040,2026-07-11 09:33:53,2002.82,M007,5814,535,0
ACC0040,DEV0040,2026-07-14 10:09:59,2180.13,M012,5942,535,0
ACC0040,DEV0040,2026-07-15 22:09:38,5555.59,M032,5814,535,0
ACC0040,DEV0040,2026-07-17 13:29:33,5201.02,M039,5691,535,0
ACC0040,DEV0040,2026-07-18 15:16:03,10213.12,M021,5814,535,0
ACC0040,DEV0040,2026-07-19 16:30:03,2337.37,M021,5691,535,0
ACC0040,DEV0040,2026-07-19 21:18:26,696.75,M028,5812,535,0
ACC0040,DEV0040,2026-07-20 14:58:37,848.18,M005,5732,535,0
ACC0040,DEV0040,2026-07-22 10:30:22,7223.25,M015,5732,535,0
ACC0040,DEV0040,2026-07-26 13:56:30,5596.91,M011,5812,535,0
ACC0040,DEV0040,2026-07-28 12:29:28,292.38,M024,5812,535,0
ACC0040,DEV0040,2026-07-28 18:50:10,215.94,M005,5691,535,0
ACC0041,DEV0041,2026-07-01 09:33:49,3170.55,M038,5814,863,0
ACC0041,DEV0041,2026-07-01 16:44:49,2199.13,M011,5691,863,0
ACC0041,DEV0041,2026-07-01 19:17:34,428.9,M034,5812,863,0
ACC0041,DEV0041,2026-07-02 08:25:36,1102.6,M020,5732,863,0
ACC0041,DEV0041,2026-07-03 07:07:01,1692.85,M013,5691,863,0
ACC0041,DEV0041,2026-07-04 19:56:03,5310.7,M037,5814,863,0
ACC0041,DEV0041,2026-07-09 15:18:06,1900.25,M027,4111,863,0
ACC0041,DEV0041,2026-07-11 08:39:13,2445.59,M039,5691,863,0
ACC0041,DEV0041,2026-07-11 15:34:02,900.85,M017,5814,863,0
ACC0041,DEV0041,2026-07-11 19:55:30,368.47,M004,5812,863,0
ACC0041,DEV0041,2026-07-13 09:20:50,1188.87,M002,5814,863,0
ACC0041,DEV0041,2026-07-13 15:19:44,549.73,M001,4111,863,0
ACC0041,DEV0041,2026-07-13 20:04:53,1211.21,M037,5732,863,0
ACC0041,DEV0041,2026-07-13 22:30:31,440.74,M014,5814,863,0
ACC0041,DEV0041,2026-07-14 14:39:13,274.16,M026,5691,863,0
ACC0041,DEV0041,2026-07-14 19:16:03,131.08,M023,5691,863,0
ACC0041,DEV0041,2026-07-16 13:19:31,6323.6,M014,5411,863,0
ACC0041,DEV0041,2026-07-17 11:58:59,3688.77,M023,5411,863,0
ACC0041,DEV0041,2026-07-20 20:24:36,587.49,M020,5812,863,0
ACC0041,DEV0041,2026-07-21 12:17:44,296.42,M025,4111,863,0
ACC0041,DEV0041,2026-07-23 08:53:02,2749.57,M033,5999,863,0
ACC0041,DEV0041,2026-07-23 20:37:42,4464.0,M025,5999,863,0
ACC0041,DEV0041,2026-07-24 06:30:58,870.69,M024,5411,863,0
ACC0041,DEV0041,2026-07-25 08:51:19,633.7,M013,5411,863,0
ACC0041,DEV0041,2026-07-25 12:35:00,1224.39,M021,4111,863,0
ACC0041,DEV0041,2026-07-26 18:07:09,4406.83,M008,5999,863,0
ACC0041,DEV0041,2026-07-26 21:18:34,1345.77,M000,5942,863,0
ACC0041,DEV0041,2026-07-28 09:32:59,6240.71,M029,5814,863,0
ACC0041,DEV0041,2026-07-28 22:40:26,1721.85,M026,5411,863,0
ACC0041,DEV0041,2026-07-29 08:17:27,4221.1,M010,5814,863,0
ACC0041,DEV0041,2026-07-30 07:53:27,6665.71,M037,5999,863,0
ACC0041,DEV0041,2026-07-30 22:03:20,954.73,M025,5411,863,0
ACC0042,DEV0042,2026-07-02 19:26:56,751.63,M017,5942,1746,0
ACC0042,DEV0042,2026-07-03 09:05:14,1875.37,M005,5732,1746,0
ACC0042,DEV0042,2026-07-03 09:24:19,1236.57,M000,5691,1746,0
ACC0042,DEV0042,2026-07-04 16:33:16,9381.48,M028,5942,1746,0
ACC0042,DEV0042,2026-07-04 16:43:11,1429.43,M016,4111,1746,0
ACC0042,DEV0042,2026-07-05 11:54:15,890.87,M005,5411,1746,0
ACC0042,DEV0042,2026-07-08 06:30:25,435.88,M034,5999,1746,0
ACC0042,DEV0042,2026-07-09 19:05:28,7956.43,M008,5999,1746,0
ACC0042,DEV0042,2026-07-10 06:48:26,2352.95,M015,5732,1746,0
ACC0042,DEV0042,2026-07-11 16:21:25,1831.8,M030,5691,1746,0
ACC0042,DEV0042,2026-07-11 22:39:19,1308.61,M020,5812,1746,0
ACC0042,DEV0042,2026-07-12 21:50:22,2889.59,M023,5814,1746,0
ACC0042,DEV0042,2026-07-13 21:52:07,1113.54,M029,5732,1746,0
ACC0042,DEV0042,2026-07-14 22:39:52,8824.27,M036,5942,1746,0
ACC0042,DEV0042,2026-07-15 12:22:59,490.77,M034,5814,1746,0
ACC0042,DEV0042,2026-07-17 18:44:10,7004.45,M030,5691,1746,0
ACC0042,DEV0042,2026-07-18 11:18:58,946.45,M030,5691,1746,0
ACC0042,DEV0042,2026-07-19 09:46:06,1714.3,M039,5691,1746,0
ACC0042,DEV0042,2026-07-23 20:18:30,2157.68,M024,4111,1746,0
ACC0042,DEV0042,2026-07-27 13:32:51,602.17,M024,5999,1746,0
ACC0042,DEV0042,2026-07-28 22:35:16,3738.34,M037,5814,1746,0
ACC0042,DEV0042,2026-07-29 10:50:05,14182.53,M039,5732,1746,0
ACC0043,DEV0043,2026-07-01 12:45:19,2508.9,M001,5411,1495,0
ACC0043,DEV0043,2026-07-02 20:51:21,4614.54,M031,5999,1495,0
ACC0043,DEV0043,2026-07-03 08:55:36,1451.52,M001,4111,1495,0
ACC0043,DEV0043,2026-07-05 08:20:35,709.29,M030,5942,1495,0
ACC0043,DEV0043,2026-07-05 10:26:09,415.85,M030,5732,1495,0
ACC0043,DEV0043,2026-07-06 11:41:43,475.36,M011,5814,1495,0
ACC0043,DEV0043,2026-07-08 10:52:20,1167.91,M026,5812,1495,0
ACC0043,DEV0043,2026-07-09 14:54:24,2675.96,M030,5812,1495,0
ACC0043,DEV0043,2026-07-09 18:34:50,826.55,M024,5814,1495,0
ACC0043,DEV0043,2026-07-09 18:45:44,4562.58,M011,5999,1495,0
ACC0043,DEV0043,2026-07-11 11:25:39,4306.48,M025,4111,1495,0
ACC0043,DEV0043,2026-07-11 14:53:25,2529.67,M031,5691,1495,0
ACC0043,DEV0043,2026-07-11 16:01:04,966.73,M014,5942,1495,0
ACC0043,DEV0043,2026-07-11 17:46:54,1372.91,M030,5999,1495,0
ACC0043,DEV0043,2026-07-12 14:59:49,5192.42,M023,5812,1495,0
ACC0043,DEV0043,2026-07-12 19:02:49,898.96,M038,5942,1495,0
ACC0043,DEV0043,2026-07-13 17:31:40,5190.23,M001,5411,1495,0
ACC0043,DEV0043,2026-07-16 08:12:35,1640.8,M029,5999,1495,0
ACC0043,DEV0043,2026-07-17 17:54:47,3964.73,M033,5814,1495,0
ACC0043,DEV0043,2026-07-18 06:46:39,522.49,M010,5812,1495,0
ACC0043,DEV0043,2026-07-19 13:17:55,4462.11,M003,5942,1495,0
ACC0043,DEV0043,2026-07-19 20:58:00,675.43,M017,5942,1495,0
ACC0043,DEV0043,2026-07-20 12:18:18,3791.98,M018,4111,1495,0
ACC0043,DEV0043,2026-07-21 07:02:31,5477.19,M014,5999,1495,0
ACC0043,DEV0043,2026-07-22 12:44:08,285.47,M027,4111,1495,0
ACC0043,DEV0043,2026-07-23 14:21:09,1164.34,M015,5999,1495,0
ACC0043,DEV0043,2026-07-29 16:11:42,2642.14,M027,5732,1495,0
ACC0043,DEV0043,2026-07-29 19:53:16,668.6,M006,4111,1495,0
ACC0043,DEV0043,2026-07-30 06:07:57,10623.22,M029,5732,1495,0
ACC0043,DEV0043,2026-07-30 06:55:55,862.36,M019,5411,1495,0
ACC0043,DEV0043,2026-07-30 22:23:59,2537.51,M001,5732,1495,0
ACC0044,DEV0044,2026-07-01 14:16:14,6835.42,M011,5691,317,0
ACC0044,DEV0044,2026-07-01 15:39:26,392.84,M033,5999,317,0
ACC0044,DEV0044,2026-07-02 14:44:53,1847.7,M001,4111,317,0
ACC0044,DEV0044,2026-07-03 08:03:38,2694.53,M017,5812,317,0
ACC0044,DEV0044,2026-07-03 15:10:10,3061.18,M006,4111,317,0
ACC0044,DEV0044,2026-07-04 07:45:44,626.31,M027,5411,317,0
ACC0044,DEV0044,2026-07-05 07:22:37,2041.09,M005,5999,317,0
ACC0044,DEV0044,2026-07-05 08:47:27,2477.41,M012,5814,317,0
ACC0044,DEV0044,2026-07-05 19:12:54,926.81,M024,5691,317,0
ACC0044,DEV0044,2026-07-07 09:05:27,1754.9,M027,5691,317,0
ACC0044,DEV0044,2026-07-08 18:01:05,4872.86,M026,5691,317,0
ACC0044,DEV0044,2026-07-09 12:01:53,4307.3,M000,5691,317,0
ACC0044,DEV0044,2026-07-10 19:08:37,1176.98,M030,5691,317,0
ACC0044,DEV0044,2026-07-11 11:54:39,12377.4,M016,4111,317,0
ACC0044,DEV0044,2026-07-12 11:13:01,10741.78,M010,5732,317,0
ACC0044,DEV0044,2026-07-12 13:51:21,13289.72,M033,5732,317,0
ACC0044,DEV0044,2026-07-13 16:30:36,1693.19,M033,5812,317,0
ACC0044,DEV0044,2026-07-14 20:31:21,1784.49,M004,5732,317,0
ACC0044,DEV0044,2026-07-15 20:47:09,1317.35,M019,5942,317,0
ACC0044,DEV0044,2026-07-16 15:05:28,927.83,M023,5999,317,0
ACC0044,DEV0044,2026-07-19 09:58:37,8329.28,M014,5411,317,0
ACC0044,DEV0044,2026-07-20 08:37:34,712.94,M007,5942,317,0
ACC0044,DEV0044,2026-07-20 09:25:27,435.89,M011,5812,317,0
ACC0044,DEV0044,2026-07-22 21:55:18,2409.83,M026,5814,317,0
ACC0044,DEV0044,2026-07-23 14:50:48,5858.71,M029,5732,317,0
ACC0044,DEV0044,2026-07-25 14:22:44,2289.92,M008,4111,317,0
ACC0044,DEV0044,2026-07-25 15:00:35,610.8,M000,5999,317,0
ACC0044,DEV0044,2026-07-25 15:17:03,6549.67,M001,4111,317,0
ACC0044,DEV0044,2026-07-25 17:08:27,349.59,M038,5814,317,0
ACC0044,DEV0044,2026-07-25 20:22:45,3757.44,M020,5942,317,0
ACC0044,DEV0044,2026-07-28 11:21:37,1395.87,M038,5411,317,0
ACC0044,DEV0044,2026-07-28 20:52:18,1512.7,M007,5732,317,0
ACC0044,DEV0044,2026-07-29 07:16:10,17808.84,M037,5999,317,0
ACC0044,DEV0044,2026-07-29 10:08:15,966.2,M013,5999,317,0
ACC0045,DEV0045,2026-07-01 15:29:56,875.33,M002,5732,1853,0
ACC0045,DEV0045,2026-07-01 19:16:35,3375.14,M024,4111,1853,0
ACC0045,DEV0045,2026-07-02 10:38:40,1538.98,M036,4111,1853,0
ACC0045,DEV0045,2026-07-04 10:53:27,2622.2,M016,5411,1853,0
ACC0045,DEV0045,2026-07-04 15:30:28,2939.97,M036,5812,1853,0
ACC0045,DEV0045,2026-07-05 10:42:36,625.66,M022,5942,1853,0
ACC0045,DEV0045,2026-07-05 15:04:03,2903.5,M036,5942,1853,0
ACC0045,DEV0045,2026-07-06 10:55:39,674.75,M001,5814,1853,0
ACC0045,DEV0045,2026-07-07 08:26:05,1838.13,M034,5812,1853,0
ACC0045,DEV0045,2026-07-08 07:37:26,12195.11,M033,5691,1853,0
ACC0045,DEV0045,2026-07-10 08:36:55,878.2,M021,5999,1853,0
ACC0045,DEV0045,2026-07-10 18:37:46,1048.83,M000,5732,1853,0
ACC0045,DEV0045,2026-07-11 10:25:43,991.58,M025,5732,1853,0
ACC0045,DEV0045,2026-07-12 07:51:06,1104.31,M007,5812,1853,0
ACC0045,DEV0045,2026-07-14 07:42:29,860.51,M020,5732,1853,0
ACC0045,DEV0045,2026-07-15 12:07:47,530.95,M001,5812,1853,0
ACC0045,DEV0045,2026-07-16 10:37:49,2703.67,M002,5942,1853,0
ACC0045,DEV0045,2026-07-17 07:59:26,387.19,M009,5814,1853,0
ACC0045,DEV0045,2026-07-18 08:07:46,807.49,M031,5814,1853,0
ACC0045,DEV0045,2026-07-18 08:26:44,1207.98,M039,5691,1853,0
ACC0045,DEV0045,2026-07-18 10:57:12,673.5,M023,5732,1853,0
ACC0045,DEV0045,2026-07-19 06:17:31,2850.37,M029,4111,1853,0
ACC0045,DEV0045,2026-07-20 22:41:56,1741.58,M001,5812,1853,0
ACC0045,DEV0045,2026-07-21 17:21:37,739.31,M023,5814,1853,0
ACC0045,DEV0045,2026-07-21 17:41:49,2135.48,M010,5732,1853,0
ACC0045,DEV0045,2026-07-21 21:34:09,2064.35,M021,4111,1853,0
ACC0045,DEV0045,2026-07-22 08:44:35,4852.86,M034,5814,1853,0
ACC0045,DEV0045,2026-07-22 12:22:50,542.39,M011,5814,1853,0
ACC0045,DEV0045,2026-07-22 18:04:38,3709.39,M033,5411,1853,0
ACC0045,DEV0045,2026-07-23 08:35:54,2729.45,M029,5812,1853,0
ACC0045,DEV0045,2026-07-23 11:49:02,481.07,M023,5411,1853,0
ACC0045,DEV0045,2026-07-23 15:51:09,2962.3,M009,4111,1853,0
ACC0045,DEV0045,2026-07-23 21:15:32,1520.91,M007,5411,1853,0
ACC0045,DEV0045,2026-07-25 18:39:32,537.6,M003,5691,1853,0
ACC0045,DEV0045,2026-07-26 13:50:46,4292.3,M032,5691,1853,0
ACC0045,DEV0045,2026-07-26 16:06:24,1124.97,M038,5999,1853,0
ACC0045,DEV0045,2026-07-26 19:53:33,5568.03,M002,4111,1853,0
ACC0045,DEV0045,2026-07-27 11:03:18,1041.04,M029,5814,1853,0
ACC0045,DEV0045,2026-07-27 22:07:05,2952.39,M007,5812,1853,0
ACC0045,DEV0045,2026-07-29 13:54:18,2143.81,M039,5732,1853,0
ACC0045,DEV0045,2026-07-29 19:46:52,1499.07,M002,5691,1853,0
ACC0045,DEV0045,2026-07-30 21:08:40,2490.63,M011,4111,1853,0
ACC0046,DEV0046,2026-07-01 08:44:29,22810.88,M003,5812,1546,0
ACC0046,DEV0046,2026-07-01 17:04:14,334.8,M000,5411,1546,0
ACC0046,DEV0046,2026-07-02 10:58:31,1792.47,M032,5814,1546,0
ACC0046,DEV0046,2026-07-02 13:56:21,22.44,M036,5999,1546,0
ACC0046,DEV0046,2026-07-02 20:44:48,245.7,M025,5732,1546,0
ACC0046,DEV0046,2026-07-03 17:42:40,5714.94,M014,5411,1546,0
ACC0046,DEV0046,2026-07-05 07:22:59,281.07,M021,5814,1546,0
ACC0046,DEV0046,2026-07-06 08:51:31,5594.73,M007,5942,1546,0
ACC0046,DEV0046,2026-07-06 18:49:06,432.57,M039,5942,1546,0
ACC0046,DEV0046,2026-07-06 20:58:48,367.61,M009,5814,1546,0
ACC0046,DEV0046,2026-07-07 07:53:46,1521.54,M027,5812,1546,0
ACC0046,DEV0046,2026-07-08 16:54:31,1821.44,M026,4111,1546,0
ACC0046,DEV0046,2026-07-09 13:47:36,1388.05,M026,5691,1546,0
ACC0046,DEV0046,2026-07-10 16:30:20,1643.37,M029,4111,1546,0
ACC0046,DEV0046,2026-07-10 20:22:03,3049.95,M029,5814,1546,0
ACC0046,DEV0046,2026-07-11 19:04:38,1859.86,M032,4111,1546,0
ACC0046,DEV0046,2026-07-12 11:21:18,4228.79,M016,5812,1546,0
ACC0046,DEV0046,2026-07-12 14:36:47,348.7,M027,5942,1546,0
ACC0046,DEV0046,2026-07-13 20:28:43,753.62,M016,5732,1546,0
ACC0046,DEV0046,2026-07-15 14:09:28,8371.83,M018,5732,1546,0
ACC0046,DEV0046,2026-07-16 14:31:47,11061.96,M027,5732,1546,0
ACC0046,DEV0046,2026-07-19 19:19:20,7610.31,M035,5732,1546,0
ACC0046,DEV0046,2026-07-20 07:54:52,1215.57,M026,5812,1546,0
ACC0046,DEV0046,2026-07-21 07:11:16,1368.41,M035,5942,1546,0
ACC0046,DEV0046,2026-07-21 10:38:34,668.52,M015,4111,1546,0
ACC0046,DEV0046,2026-07-22 17:56:52,2781.43,M004,5691,1546,0
ACC0046,DEV0046,2026-07-23 13:36:34,4012.91,M037,5732,1546,0
ACC0046,DEV0046,2026-07-23 15:39:30,5096.83,M001,5814,1546,0
ACC0046,DEV0046,2026-07-23 19:40:59,78.89,M008,5691,1546,0
ACC0046,DEV0046,2026-07-23 22:15:25,400.06,M004,5411,1546,0
ACC0046,DEV0046,2026-07-24 18:59:40,2197.95,M001,5999,1546,0
ACC0046,DEV0046,2026-07-26 13:42:07,5695.19,M014,5814,1546,0
ACC0046,DEV0046,2026-07-27 16:33:17,7120.58,M005,4111,1546,0
ACC0046,DEV0046,2026-07-28 07:09:06,281.89,M018,5812,1546,0
ACC0046,DEV0046,2026-07-28 08:01:42,5622.5,M019,5942,1546,0
ACC0046,DEV0046,2026-07-29 09:13:29,3240.64,M008,5732,1546,0
ACC0046,DEV0046,2026-07-29 14:22:02,293.31,M031,5732,1546,0
ACC0046,DEV0046,2026-07-29 16:19:31,5701.56,M003,5814,1546,0
ACC0046,DEV0046,2026-07-29 18:50:57,1587.92,M019,5812,1546,0
ACC0046,DEV0046,2026-07-30 14:57:03,20155.73,M004,5942,1546,0
ACC0046,DEV0046,2026-07-30 17:46:17,774.46,M021,5411,1546,0
ACC0047,DEV0047,2026-07-01 18:49:18,1709.68,M018,5812,459,0
ACC0047,DEV0047,2026-07-04 14:49:43,726.27,M019,5812,459,0
ACC0047,DEV0047,2026-07-05 06:06:59,1859.66,M032,5812,459,0
ACC0047,DEV0047,2026-07-05 10:34:23,2220.21,M010,5411,459,0
ACC0047,DEV0047,2026-07-05 16:14:05,669.59,M034,5732,459,0
ACC0047,DEV0047,2026-07-08 09:41:37,1130.02,M038,5814,459,0
ACC0047,DEV0047,2026-07-08 19:53:02,1324.9,M023,5942,459,0
ACC0047,DEV0047,2026-07-09 07:25:40,2803.05,M025,5411,459,0
ACC0047,DEV0047,2026-07-09 11:14:27,2882.73,M014,5691,459,0
ACC0047,DEV0047,2026-07-09 14:25:12,3909.0,M033,5411,459,0
ACC0047,DEV0047,2026-07-09 15:40:31,1556.3,M006,5411,459,0
ACC0047,DEV0047,2026-07-14 07:09:59,478.52,M034,5411,459,0
ACC0047,DEV0047,2026-07-16 11:37:36,1222.68,M005,5732,459,0
ACC0047,DEV0047,2026-07-16 17:13:14,3003.89,M019,5691,459,0
ACC0047,DEV0047,2026-07-17 06:44:32,2213.47,M031,5942,459,0
ACC0047,DEV0047,2026-07-17 08:00:39,434.11,M030,5814,459,0
ACC0047,DEV0047,2026-07-17 10:49:36,1787.74,M005,4111,459,0
ACC0047,DEV0047,2026-07-17 12:34:02,4732.29,M013,5999,459,0
ACC0047,DEV0047,2026-07-17 17:13:40,249.97,M007,5691,459,0
ACC0047,DEV0047,2026-07-18 19:34:56,3942.7,M003,5942,459,0
ACC0047,DEV0047,2026-07-18 22:27:54,422.15,M004,5999,459,0
ACC0047,DEV0047,2026-07-18 22:28:38,1742.88,M021,5691,459,0
ACC0047,DEV0047,2026-07-19 08:29:37,2929.64,M020,5411,459,0
ACC0047,DEV0047,2026-07-19 19:30:27,5997.93,M032,5732,459,0
ACC0047,DEV0047,2026-07-20 19:05:51,6800.4,M026,5942,459,0
ACC0047,DEV0047,2026-07-20 21:00:10,2158.63,M038,5999,459,0
ACC0047,DEV0047,2026-07-22 06:59:09,503.01,M025,5999,459,0
ACC0047,DEV0047,2026-07-22 17:56:27,946.67,M020,5999,459,0
ACC0047,DEV0047,2026-07-24 08:25:22,4434.61,M004,5812,459,0
ACC0047,DEV0047,2026-07-24 08:38:52,1258.67,M039,5999,459,0
ACC0047,DEV0047,2026-07-24 10:01:54,9956.1,M010,5411,459,0
ACC0047,DEV0047,2026-07-24 12:27:47,9642.87,M032,5942,459,0
ACC0047,DEV0047,2026-07-24 19:09:43,3954.14,M004,5814,459,0
ACC0047,DEV0047,2026-07-24 21:10:17,1855.06,M039,5942,459,0
ACC0047,DEV0047,2026-07-25 22:46:31,1302.59,M000,5814,459,0
ACC0047,DEV0047,2026-07-27 10:01:21,7091.69,M030,5812,459,0
ACC0047,DEV0047,2026-07-27 13:09:32,1905.71,M010,5999,459,0
ACC0047,DEV0047,2026-07-27 15:05:19,1537.43,M033,5942,459,0
ACC0047,DEV0047,2026-07-29 15:14:48,1550.68,M001,5999,459,0
ACC0048,DEV0048,2026-07-01 14:29:06,410.11,M027,5814,271,0
ACC0048,DEV0048,2026-07-01 15:39:04,2310.81,M007,5411,271,0
ACC0048,DEV0048,2026-07-01 18:41:03,291.98,M009,5411,271,0
ACC0048,DEV0048,2026-07-02 08:36:10,5161.09,M002,4111,271,0
ACC0048,DEV0048,2026-07-03 13:52:58,6258.13,M033,5999,271,0
ACC0048,DEV0048,2026-07-03 15:01:38,296.44,M038,5411,271,0
ACC0048,DEV0048,2026-07-03 18:11:32,2058.6,M021,4111,271,0
ACC0048,DEV0048,2026-07-04 06:22:56,8910.07,M000,5812,271,0
ACC0048,DEV0048,2026-07-04 07:45:28,8319.05,M022,5942,271,0
ACC0048,DEV0048,2026-07-04 12:28:15,813.91,M024,4111,271,0
ACC0048,DEV0048,2026-07-05 08:41:10,1218.05,M020,5732,271,0
ACC0048,DEV0048,2026-07-05 20:27:00,1718.91,M015,4111,271,0
ACC0048,DEV0048,2026-07-06 11:30:14,853.74,M013,5812,271,0
ACC0048,DEV0048,2026-07-07 06:06:06,1676.18,M037,4111,271,0
ACC0048,DEV0048,2026-07-09 10:57:39,1101.22,M033,5812,271,0
ACC0048,DEV0048,2026-07-09 18:17:15,1538.63,M011,5732,271,0
ACC0048,DEV0048,2026-07-10 13:38:15,2261.75,M031,5411,271,0
ACC0048,DEV0048,2026-07-10 13:41:11,1320.89,M007,5812,271,0
ACC0048,DEV0048,2026-07-11 19:43:19,2264.52,M024,5942,271,0
ACC0048,DEV0048,2026-07-11 19:48:17,3316.73,M032,5999,271,0
ACC0048,DEV0048,2026-07-13 10:50:25,436.27,M028,5691,271,0
ACC0048,DEV0048,2026-07-13 14:02:16,350.47,M021,5942,271,0
ACC0048,DEV0048,2026-07-13 17:00:33,759.28,M000,5812,271,0
ACC0048,DEV0048,2026-07-15 10:53:50,398.93,M007,4111,271,0
ACC0048,DEV0048,2026-07-16 13:58:20,327.64,M026,5999,271,0
ACC0048,DEV0048,2026-07-18 12:25:33,3339.53,M026,5691,271,0
ACC0048,DEV0048,2026-07-19 13:13:59,949.79,M015,5814,271,0
ACC0048,DEV0048,2026-07-20 14:23:48,1337.18,M017,5691,271,0
ACC0048,DEV0048,2026-07-20 22:22:59,2557.23,M023,5732,271,0
ACC0048,DEV0048,2026-07-22 07:43:01,3114.45,M027,5812,271,0
ACC0048,DEV0048,2026-07-23 16:46:36,1699.55,M028,5999,271,0
ACC0048,DEV0048,2026-07-24 20:11:32,3930.67,M008,5812,271,0
ACC0048,DEV0048,2026-07-25 13:28:47,4149.0,M019,5411,271,0
ACC0048,DEV0048,2026-07-25 22:59:03,1210.76,M039,5942,271,0
ACC0048,DEV0048,2026-07-26 08:50:40,3444.43,M020,5732,271,0
ACC0048,DEV0048,2026-07-27 10:09:39,2978.05,M036,5812,271,0
ACC0048,DEV0048,2026-07-27 18:20:22,2112.16,M033,5942,271,0
ACC0048,DEV0048,2026-07-27 21:01:08,1430.99,M003,5732,271,0
ACC0048,DEV0048,2026-07-28 09:32:26,3711.81,M021,5942,271,0
ACC0048,DEV0048,2026-07-28 10:33:02,611.62,M036,5812,271,0
ACC0048,DEV0048,2026-07-29 07:51:29,1957.64,M005,5999,271,0
ACC0049,DEV0049,2026-07-03 07:15:56,2876.85,M031,4111,360,0
ACC0049,DEV0049,2026-07-03 10:22:10,778.36,M014,4111,360,0
ACC0049,DEV0049,2026-07-03 13:02:10,2250.3,M000,5812,360,0
ACC0049,DEV0049,2026-07-07 13:18:21,890.24,M033,5942,360,0
ACC0049,DEV0049,2026-07-07 22:39:49,2458.76,M023,5691,360,0
ACC0049,DEV0049,2026-07-11 10:05:53,6667.57,M004,5999,360,0
ACC0049,DEV0049,2026-07-13 13:42:43,1459.36,M026,5411,360,0
ACC0049,DEV0049,2026-07-14 06:04:02,4648.6,M008,5814,360,0
ACC0049,DEV0049,2026-07-14 07:09:48,7724.0,M018,5812,360,0
ACC0049,DEV0049,2026-07-14 17:39:11,423.39,M026,5812,360,0
ACC0049,DEV0049,2026-07-14 19:27:04,1115.26,M006,5411,360,0
ACC0049,DEV0049,2026-07-15 19:41:16,2724.39,M029,5942,360,0
ACC0049,DEV0049,2026-07-15 22:16:20,1771.36,M022,5812,360,0
ACC0049,DEV0049,2026-07-15 22:50:11,2143.18,M018,5411,360,0
ACC0049,DEV0049,2026-07-17 21:55:51,1577.39,M020,5999,360,0
ACC0049,DEV0049,2026-07-19 08:06:47,12861.65,M036,5999,360,0
ACC0049,DEV0049,2026-07-21 18:16:26,1151.44,M037,5999,360,0
ACC0049,DEV0049,2026-07-25 11:02:42,10545.9,M027,5411,360,0
ACC0049,DEV0049,2026-07-25 14:50:31,6549.16,M038,5691,360,0
ACC0049,DEV0049,2026-07-25 20:05:04,951.81,M013,5999,360,0
ACC0049,DEV0049,2026-07-26 06:57:53,1268.45,M012,5814,360,0
ACC0049,DEV0049,2026-07-28 14:03:31,956.64,M006,5411,360,0
ACC0049,DEV0049,2026-07-29 16:36:59,9083.78,M035,5942,360,0
ACC0049,DEV0049,2026-07-29 20:16:06,1691.23,M009,5999,360,0
FRAUD0000,FDEV0000,2026-07-03 07:57:16,1439.75,M020,5942,247,0
FRAUD0000,FDEV0000,2026-07-06 13:52:22,460.37,M010,5942,247,0
FRAUD0000,FDEV0000,2026-07-08 09:35:33,48371.07,M002,5411,247,1
FRAUD0000,FDEV0000,2026-07-08 09:48:33,49246.65,M028,5411,247,1
FRAUD0000,FDEV0000,2026-07-08 10:06:33,42700.84,M008,5411,247,1
FRAUD0000,FDEV0000,2026-07-08 10:25:33,42812.84,M035,5411,247,1
FRAUD0000,FDEV0000,2026-07-08 10:46:33,42768.21,M018,5411,247,1
FRAUD0000,FDEV0000,2026-07-08 10:56:33,46704.51,M034,5411,247,1
FRAUD0000,FDEV0000,2026-07-08 13:09:35,232.05,M028,4111,247,0
FRAUD0000,FDEV0000,2026-07-08 20:05:52,1317.31,M013,5942,247,0
FRAUD0000,FDEV0000,2026-07-12 20:38:58,912.23,M038,5942,247,0
FRAUD0000,FDEV0000,2026-07-13 18:37:55,919.01,M004,5814,247,0
FRAUD0000,FDEV0000,2026-07-18 19:16:53,2161.86,M019,5732,247,0
FRAUD0000,FDEV0000,2026-07-23 11:06:30,602.48,M033,5942,247,0
FRAUD0000,FDEV0000,2026-07-26 08:38:55,563.92,M020,5942,247,0
FRAUD0000,FDEV0000,2026-07-26 08:54:21,297.52,M025,5942,247,0
FRAUD0001,FDEV0001,2026-07-04 22:25:08,645.3,M021,5999,152,0
FRAUD0001,FDEV0001,2026-07-05 09:08:22,2190.02,M024,5411,152,0
FRAUD0001,FDEV0001,2026-07-06 18:27:09,906.74,M000,4111,152,0
FRAUD0001,FDEV0001,2026-07-06 20:09:18,478.48,M008,5411,152,0
FRAUD0001,FDEV0001,2026-07-07 12:25:28,43905.95,M017,5691,152,1
FRAUD0001,FDEV0001,2026-07-07 12:43:28,41036.35,M036,5691,152,1
FRAUD0001,FDEV0001,2026-07-07 13:01:28,45691.89,M015,5691,152,1
FRAUD0001,FDEV0001,2026-07-07 13:23:28,44815.62,M012,5691,152,1
FRAUD0001,FDEV0001,2026-07-09 06:09:11,744.18,M004,5999,152,0
FRAUD0001,FDEV0001,2026-07-13 07:12:27,2993.82,M025,5812,152,0
FRAUD0001,FDEV0001,2026-07-16 09:23:45,1329.97,M021,5942,152,0
FRAUD0001,FDEV0001,2026-07-19 14:32:55,2454.89,M006,5411,152,0
FRAUD0001,FDEV0001,2026-07-23 13:07:52,433.45,M024,5999,152,0
FRAUD0001,FDEV0001,2026-07-27 16:31:41,499.26,M026,5942,152,0
FRAUD0001,FDEV0001,2026-07-28 19:54:01,652.8,M011,5411,152,0
FRAUD0002,FDEV0002,2026-07-01 08:30:28,393.65,M000,5999,349,0
FRAUD0002,FDEV0002,2026-07-07 07:17:03,1163.74,M011,5691,349,0
FRAUD0002,FDEV0002,2026-07-08 14:15:40,1191.26,M039,5999,349,0
FRAUD0002,FDEV0002,2026-07-15 07:43:48,245.34,M020,5411,349,0
FRAUD0002,FDEV0002,2026-07-18 18:09:44,700.45,M013,5999,349,0
FRAUD0002,FDEV0002,2026-07-19 06:33:24,906.5,M034,5732,349,0
FRAUD0002,FDEV0002,2026-07-20 17:28:50,48054.85,M000,4111,349,1
FRAUD0002,FDEV0002,2026-07-20 17:40:50,44198.78,M018,4111,349,1
FRAUD0002,FDEV0002,2026-07-20 17:51:50,43553.86,M023,4111,349,1
FRAUD0002,FDEV0002,2026-07-20 18:00:50,48691.0,M013,4111,349,1
FRAUD0002,FDEV0002,2026-07-21 10:37:57,300.53,M031,5814,349,0
FRAUD0002,FDEV0002,2026-07-23 07:36:45,831.37,M039,5999,349,0
FRAUD0002,FDEV0002,2026-07-25 14:14:25,1703.11,M013,5999,349,0
FRAUD0002,FDEV0002,2026-07-25 15:00:02,2913.7,M036,5814,349,0
FRAUD0002,FDEV0002,2026-07-26 18:53:54,365.98,M010,5411,349,0
FRAUD0002,FDEV0002,2026-07-26 18:59:52,716.3,M031,5999,349,0
FRAUD0002,FDEV0002,2026-07-28 17:16:59,1371.77,M014,5732,349,0
FRAUD0003,FDEV0003,2026-07-02 08:12:45,1831.97,M008,5812,113,0
FRAUD0003,FDEV0003,2026-07-02 21:34:45,498.55,M031,5411,113,0
FRAUD0003,FDEV0003,2026-07-06 16:43:54,570.5,M026,5814,113,0
FRAUD0003,FDEV0003,2026-07-08 09:03:58,942.85,M009,5942,113,0
FRAUD0003,FDEV0003,2026-07-16 21:13:06,2744.85,M013,5812,113,0
FRAUD0003,FDEV0003,2026-07-22 14:48:15,40337.53,M022,5411,113,1
FRAUD0003,FDEV0003,2026-07-22 15:12:15,46855.4,M011,5411,113,1
FRAUD0003,FDEV0003,2026-07-22 15:26:15,48203.17,M009,5411,113,1
FRAUD0003,FDEV0003,2026-07-22 15:49:15,47978.81,M003,5411,113,1
FRAUD0003,FDEV0003,2026-07-22 15:59:15,41519.31,M015,5411,113,1
FRAUD0003,FDEV0003,2026-07-22 16:18:15,48113.53,M005,5411,113,1
FRAUD0003,FDEV0003,2026-07-24 22:16:01,1448.16,M000,4111,113,0
FRAUD0003,FDEV0003,2026-07-27 10:16:25,721.44,M039,5732,113,0
FRAUD0003,FDEV0003,2026-07-27 17:30:26,516.1,M020,5812,113,0
FRAUD0003,FDEV0003,2026-07-28 22:35:02,5980.72,M020,5691,113,0
FRAUD0003,FDEV0003,2026-07-29 18:11:14,1229.84,M006,5691,113,0
FRAUD0004,FDEV0004,2026-07-04 11:41:01,948.64,M021,5691,237,0
FRAUD0004,FDEV0004,2026-07-04 16:21:25,444.15,M009,4111,237,0
FRAUD0004,FDEV0004,2026-07-04 17:45:30,509.83,M024,4111,237,0
FRAUD0004,FDEV0004,2026-07-05 07:21:59,43913.3,M034,5999,237,1
FRAUD0004,FDEV0004,2026-07-05 07:29:59,42326.43,M010,5999,237,1
FRAUD0004,FDEV0004,2026-07-05 07:42:59,47680.75,M010,5999,237,1
FRAUD0004,FDEV0004,2026-07-05 07:50:59,40027.28,M017,5999,237,1
FRAUD0004,FDEV0004,2026-07-07 21:45:24,2257.87,M038,5411,237,0
FRAUD0004,FDEV0004,2026-07-11 22:56:36,305.53,M024,5999,237,0
FRAUD0004,FDEV0004,2026-07-14 06:51:51,1831.18,M013,4111,237,0
FRAUD0004,FDEV0004,2026-07-14 11:28:44,978.49,M010,4111,237,0
FRAUD0004,FDEV0004,2026-07-15 18:41:24,1054.49,M017,5732,237,0
FRAUD0004,FDEV0004,2026-07-16 19:53:16,2962.27,M016,5411,237,0
FRAUD0004,FDEV0004,2026-07-18 15:01:50,1283.93,M004,5691,237,0
FRAUD0004,FDEV0004,2026-07-20 10:49:43,1292.75,M003,5411,237,0
FRAUD0004,FDEV0004,2026-07-28 07:13:32,2052.64,M004,5732,237,0
FRAUD0004,FDEV0004,2026-07-29 06:24:15,2955.25,M016,4111,237,0
FRAUD0005,FDEV0005,2026-07-03 07:10:04,48708.08,M012,5732,250,1
FRAUD0005,FDEV0005,2026-07-03 07:27:04,46276.26,M039,5732,250,1
FRAUD0005,FDEV0005,2026-07-03 07:43:04,46359.78,M021,5732,250,1
FRAUD0005,FDEV0005,2026-07-03 08:06:04,44948.74,M015,5732,250,1
FRAUD0005,FDEV0005,2026-07-07 15:22:41,3075.02,M026,5999,250,0
FRAUD0005,FDEV0005,2026-07-16 16:52:38,2007.52,M023,5812,250,0
FRAUD0005,FDEV0005,2026-07-20 19:29:07,1232.63,M037,5999,250,0
FRAUD0005,FDEV0005,2026-07-28 06:23:39,1937.05,M000,5999,250,0
FRAUD0005,FDEV0005,2026-07-30 19:44:20,272.82,M029,5999,250,0
FRAUD0006,FDEV0006,2026-07-08 20:50:56,1205.21,M010,5999,61,0
FRAUD0006,FDEV0006,2026-07-10 18:57:28,1573.38,M003,5812,61,0
FRAUD0006,FDEV0006,2026-07-13 06:22:14,3495.2,M012,5999,61,0
FRAUD0006,FDEV0006,2026-07-13 14:38:40,2389.87,M001,5812,61,0
FRAUD0006,FDEV0006,2026-07-15 08:42:43,42223.98,M024,4111,61,1
FRAUD0006,FDEV0006,2026-07-15 08:51:43,49302.69,M004,4111,61,1
FRAUD0006,FDEV0006,2026-07-15 09:14:43,44355.61,M019,4111,61,1
FRAUD0006,FDEV0006,2026-07-15 09:29:43,41584.57,M021,4111,61,1
FRAUD0006,FDEV0006,2026-07-15 09:44:43,45756.78,M006,4111,61,1
FRAUD0006,FDEV0006,2026-07-17 22:53:38,653.16,M001,5411,61,0
FRAUD0006,FDEV0006,2026-07-22 13:08:53,1526.57,M019,4111,61,0
FRAUD0006,FDEV0006,2026-07-24 15:13:19,342.25,M014,5411,61,0
FRAUD0006,FDEV0006,2026-07-24 22:21:33,1306.56,M018,5942,61,0
FRAUD0006,FDEV0006,2026-07-27 19:03:11,2585.11,M035,5691,61,0
FRAUD0006,FDEV0006,2026-07-29 19:01:16,2288.22,M029,5732,61,0
FRAUD0007,FDEV0007,2026-07-03 12:50:37,1070.26,M029,5942,69,0
FRAUD0007,FDEV0007,2026-07-10 20:21:26,1101.5,M033,5942,69,0
FRAUD0007,FDEV0007,2026-07-19 12:25:04,991.42,M005,5732,69,0
FRAUD0007,FDEV0007,2026-07-19 13:19:02,907.77,M010,5732,69,0
FRAUD0007,FDEV0007,2026-07-19 22:22:00,47528.86,M013,5691,69,1
FRAUD0007,FDEV0007,2026-07-19 22:32:00,45686.41,M014,5691,69,1
FRAUD0007,FDEV0007,2026-07-19 22:52:00,40575.84,M000,5691,69,1
FRAUD0007,FDEV0007,2026-07-19 23:06:00,40901.19,M003,5691,69,1
FRAUD0007,FDEV0007,2026-07-19 23:15:00,45803.45,M021,5691,69,1
FRAUD0007,FDEV0007,2026-07-26 07:34:39,1090.13,M032,4111,69,0
FRAUD0007,FDEV0007,2026-07-27 15:12:47,3008.59,M018,5411,69,0
FRAUD0008,FDEV0008,2026-07-01 10:24:53,1130.23,M009,5691,311,0
FRAUD0008,FDEV0008,2026-07-01 21:50:04,2155.24,M014,5814,311,0
FRAUD0008,FDEV0008,2026-07-03 14:17:27,47203.43,M033,5999,311,1
FRAUD0008,FDEV0008,2026-07-03 14:38:27,43560.63,M013,5999,311,1
FRAUD0008,FDEV0008,2026-07-03 14:57:27,46786.25,M023,5999,311,1
FRAUD0008,FDEV0008,2026-07-03 15:08:27,46002.11,M022,5999,311,1
FRAUD0008,FDEV0008,2026-07-03 15:32:27,47340.58,M007,5999,311,1
FRAUD0008,FDEV0008,2026-07-03 15:56:27,45279.27,M006,5999,311,1
FRAUD0008,FDEV0008,2026-07-04 06:35:54,2897.62,M038,5999,311,0
FRAUD0008,FDEV0008,2026-07-06 19:38:01,908.41,M033,5732,311,0
FRAUD0008,FDEV0008,2026-07-09 14:16:23,2223.15,M001,5732,311,0
FRAUD0008,FDEV0008,2026-07-14 21:27:54,1310.7,M039,5411,311,0
FRAUD0008,FDEV0008,2026-07-18 14:49:23,1046.88,M002,4111,311,0
FRAUD0008,FDEV0008,2026-07-21 14:43:16,148.42,M015,5411,311,0
FRAUD0008,FDEV0008,2026-07-24 12:17:03,4217.5,M023,5999,311,0
FRAUD0009,FDEV0009,2026-07-01 19:05:57,1285.65,M027,5942,200,0
FRAUD0009,FDEV0009,2026-07-08 16:36:59,46669.99,M039,5691,200,1
FRAUD0009,FDEV0009,2026-07-08 16:46:59,46866.87,M013,5691,200,1
FRAUD0009,FDEV0009,2026-07-08 17:07:59,45711.57,M003,5691,200,1
FRAUD0009,FDEV0009,2026-07-08 17:16:59,42105.98,M016,5691,200,1
FRAUD0009,FDEV0009,2026-07-08 17:30:59,41917.28,M038,5691,200,1
FRAUD0009,FDEV0009,2026-07-08 17:52:59,49458.18,M014,5691,200,1
FRAUD0009,FDEV0009,2026-07-09 11:43:30,682.3,M015,5812,200,0
FRAUD0009,FDEV0009,2026-07-09 18:10:37,1706.47,M011,5411,200,0
FRAUD0009,FDEV0009,2026-07-10 15:11:07,1184.23,M004,5411,200,0
FRAUD0009,FDEV0009,2026-07-12 22:58:56,750.3,M012,5942,200,0
FRAUD0009,FDEV0009,2026-07-15 19:34:22,1538.29,M022,5999,200,0
FRAUD0009,FDEV0009,2026-07-20 06:43:37,2584.55,M003,5999,200,0
FRAUD0009,FDEV0009,2026-07-26 15:37:07,7748.7,M010,5814,200,0
FRAUD0009,FDEV0009,2026-07-27 22:54:09,887.3,M010,5411,200,0
