account_id,timestamp,amount,amount_to_threshold_ratio,account_age_days,txn_count_last_1hr,sum_amount_last_1hr,distinct_merchants_last_1hr,same_mcc_count_last_1hr,time_since_prev_txn_sec,label
ACC0000,2026-07-02 07:58:26,1502.88,0.030057600000000004,233,1,1502.88,1,1,999999.0,0
ACC0000,2026-07-03 09:21:28,1178.12,0.023562399999999997,233,1,1178.12,1,1,91382.0,0
ACC0000,2026-07-03 11:54:22,1204.22,0.0240844,233,1,1204.22,1,1,9174.0,0
ACC0000,2026-07-03 18:40:55,2605.67,0.052113400000000004,233,1,2605.67,1,1,24393.0,0
ACC0000,2026-07-04 13:07:41,3347.53,0.0669506,233,1,3347.53,1,1,66406.0,0
ACC0000,2026-07-06 17:56:26,792.76,0.0158552,233,1,792.76,1,1,190125.0,0
ACC0000,2026-07-07 13:48:50,3112.42,0.0622484,233,1,3112.42,1,1,71544.0,0
ACC0000,2026-07-07 17:38:08,2250.01,0.045000200000000004,233,1,2250.01,1,1,13758.0,0
ACC0000,2026-07-09 19:47:46,3564.98,0.0712996,233,1,3564.98,1,1,180578.0,0
ACC0000,2026-07-12 19:33:27,421.09,0.0084218,233,1,421.09,1,1,258341.0,0
ACC0000,2026-07-13 10:06:26,954.44,0.0190888,233,1,954.44,1,1,52379.0,0
ACC0000,2026-07-13 15:04:45,4761.31,0.09522620000000001,233,1,4761.31,1,1,17899.0,0
ACC0000,2026-07-14 06:14:49,1493.23,0.0298646,233,1,1493.23,1,1,54604.0,0
ACC0000,2026-07-14 07:33:47,2127.61,0.042552200000000005,233,1,2127.61,1,1,4738.0,0
ACC0000,2026-07-14 10:26:39,2972.51,0.0594502,233,1,2972.51,1,1,10372.0,0
ACC0000,2026-07-14 13:58:12,1275.73,0.025514600000000002,233,1,1275.73,1,1,12693.0,0
ACC0000,2026-07-16 08:20:01,2854.85,0.057096999999999995,233,1,2854.85,1,1,152509.0,0
ACC0000,2026-07-16 17:27:43,1234.3,0.024686,233,1,1234.3,1,1,32862.0,0
ACC0000,2026-07-16 22:39:24,1179.38,0.023587600000000004,233,1,1179.38,1,1,18701.0,0
ACC0000,2026-07-17 08:29:41,1830.77,0.0366154,233,1,1830.77,1,1,35417.0,0
ACC0000,2026-07-17 10:18:41,3517.08,0.0703416,233,1,3517.08,1,1,6540.0,0
ACC0000,2026-07-19 07:20:07,334.51,0.0066901999999999994,233,1,334.51,1,1,162086.0,0
ACC0000,2026-07-20 14:41:27,666.98,0.0133396,233,1,666.98,1,1,112880.0,0
ACC0000,2026-07-20 19:15:43,6629.13,0.1325826,233,1,6629.13,1,1,16456.0,0
ACC0000,2026-07-21 07:05:26,710.79,0.014215799999999999,233,1,710.79,1,1,42583.0,0
ACC0000,2026-07-22 09:43:18,4189.38,0.0837876,233,1,4189.38,1,1,95872.0,0
ACC0000,2026-07-23 13:18:37,1064.76,0.0212952,233,1,1064.76,1,1,99319.0,0
ACC0000,2026-07-23 13:51:01,2293.27,0.0458654,233,2,3358.0299999999997,2,1,1944.0,0
ACC0000,2026-07-24 14:11:19,2252.95,0.045058999999999995,233,1,2252.95,1,1,87618.0,0
ACC0000,2026-07-24 16:05:45,8971.24,0.1794248,233,1,8971.24,1,1,6866.0,0
ACC0000,2026-07-25 08:35:47,2583.42,0.0516684,233,1,2583.42,1,1,59402.0,0
ACC0000,2026-07-25 15:26:20,715.82,0.014316400000000002,233,1,715.82,1,1,24633.0,0
ACC0000,2026-07-26 07:16:29,2473.81,0.0494762,233,1,2473.81,1,1,57009.0,0
ACC0000,2026-07-26 08:34:32,33318.31,0.6663661999999999,233,1,33318.31,1,1,4683.0,0
ACC0000,2026-07-26 08:57:25,3412.33,0.0682466,233,2,36730.64,2,1,1373.0,0
ACC0000,2026-07-27 11:32:31,2363.06,0.047261199999999996,233,1,2363.06,1,1,95706.0,0
ACC0000,2026-07-28 12:49:00,980.34,0.0196068,233,1,980.34,1,1,90989.0,0
ACC0000,2026-07-30 15:18:06,1542.82,0.0308564,233,1,1542.82,1,1,181746.0,0
ACC0001,2026-07-02 06:17:26,2824.46,0.0564892,1352,1,2824.46,1,1,999999.0,0
ACC0001,2026-07-04 07:44:50,503.74,0.0100748,1352,1,503.74,1,1,178044.0,0
ACC0001,2026-07-04 14:28:18,1605.77,0.0321154,1352,1,1605.77,1,1,24208.0,0
ACC0001,2026-07-05 12:22:53,2251.57,0.045031400000000006,1352,1,2251.57,1,1,78875.0,0
ACC0001,2026-07-07 07:49:53,460.28,0.0092056,1352,1,460.28,1,1,156420.0,0
ACC0001,2026-07-07 10:00:56,8398.06,0.16796119999999998,1352,1,8398.06,1,1,7863.0,0
ACC0001,2026-07-08 08:56:00,1798.81,0.0359762,1352,1,1798.81,1,1,82504.0,0
ACC0001,2026-07-08 16:43:52,1232.52,0.0246504,1352,1,1232.52,1,1,28072.0,0
ACC0001,2026-07-08 22:46:19,7371.54,0.1474308,1352,1,7371.54,1,1,21747.0,0
ACC0001,2026-07-09 06:40:58,7387.04,0.1477408,1352,1,7387.04,1,1,28479.0,0
ACC0001,2026-07-09 17:45:34,1722.07,0.0344414,1352,1,1722.07,1,1,39876.0,0
ACC0001,2026-07-10 06:42:05,751.33,0.015026600000000001,1352,1,751.33,1,1,46591.0,0
ACC0001,2026-07-10 08:29:30,1114.13,0.022282600000000003,1352,1,1114.13,1,1,6445.0,0
ACC0001,2026-07-10 08:34:55,1864.28,0.0372856,1352,2,2978.41,2,1,325.0,0
ACC0001,2026-07-12 10:57:55,6887.05,0.137741,1352,1,6887.05,1,1,181380.0,0
ACC0001,2026-07-14 08:38:50,1445.4,0.028908000000000003,1352,1,1445.4,1,1,164455.0,0
ACC0001,2026-07-16 13:00:57,1979.28,0.0395856,1352,1,1979.28,1,1,188527.0,0
ACC0001,2026-07-17 06:39:06,1001.54,0.020030799999999998,1352,1,1001.54,1,1,63489.0,0
ACC0001,2026-07-17 18:48:25,11811.69,0.23623380000000002,1352,1,11811.69,1,1,43759.0,0
ACC0001,2026-07-19 13:13:20,872.11,0.0174422,1352,1,872.11,1,1,152695.0,0
ACC0001,2026-07-19 20:45:36,624.9,0.012497999999999999,1352,1,624.9,1,1,27136.0,0
ACC0001,2026-07-20 13:31:14,311.77,0.0062353999999999994,1352,1,311.77,1,1,60338.0,0
ACC0001,2026-07-20 21:25:06,1064.82,0.0212964,1352,1,1064.82,1,1,28432.0,0
ACC0001,2026-07-22 16:21:08,560.28,0.0112056,1352,1,560.28,1,1,154562.0,0
ACC0001,2026-07-22 20:48:57,498.99,0.0099798,1352,1,498.99,1,1,16069.0,0
ACC0001,2026-07-24 21:08:54,10185.27,0.2037054,1352,1,10185.27,1,1,173997.0,0
ACC0001,2026-07-25 10:34:09,2792.71,0.0558542,1352,1,2792.71,1,1,48315.0,0
ACC0001,2026-07-25 18:03:11,457.19,0.0091438,1352,1,457.19,1,1,26942.0,0
ACC0001,2026-07-28 16:30:40,1037.61,0.0207522,1352,1,1037.61,1,1,253649.0,0
ACC0001,2026-07-28 22:30:44,2112.08,0.0422416,1352,1,2112.08,1,1,21604.0,0
ACC0001,2026-07-29 06:29:10,878.7,0.017574,1352,1,878.7,1,1,28706.0,0
ACC0001,2026-07-29 12:55:31,842.98,0.0168596,1352,1,842.98,1,1,23181.0,0
ACC0001,2026-07-29 16:34:56,30154.33,0.6030866,1352,1,30154.33,1,1,13165.0,0
ACC0001,2026-07-30 07:03:24,594.42,0.011888399999999999,1352,1,594.42,1,1,52108.0,0
ACC0001,2026-07-30 20:48:54,315.9,0.006318,1352,1,315.9,1,1,49530.0,0
ACC0002,2026-07-02 20:28:46,6634.54,0.1326908,525,1,6634.54,1,1,999999.0,0
ACC0002,2026-07-05 09:35:41,4863.84,0.0972768,525,1,4863.84,1,1,220015.0,0
ACC0002,2026-07-05 19:37:04,4138.08,0.0827616,525,1,4138.08,1,1,36083.0,0
ACC0002,2026-07-05 20:29:39,2804.8,0.05609600000000001,525,2,6942.88,2,1,3155.0,0
ACC0002,2026-07-06 16:05:37,1494.2,0.029884,525,1,1494.2,1,1,70558.0,0
ACC0002,2026-07-07 21:43:08,3754.74,0.07509479999999999,525,1,3754.74,1,1,106651.0,0
ACC0002,2026-07-08 12:35:26,560.03,0.0112006,525,1,560.03,1,1,53538.0,0
ACC0002,2026-07-08 14:36:10,535.63,0.0107126,525,1,535.63,1,1,7244.0,0
ACC0002,2026-07-08 22:05:15,898.81,0.017976199999999998,525,1,898.81,1,1,26945.0,0
ACC0002,2026-07-09 15:28:27,5740.56,0.1148112,525,1,5740.56,1,1,62592.0,0
ACC0002,2026-07-10 14:39:43,371.82,0.0074364,525,1,371.82,1,1,83476.0,0
ACC0002,2026-07-10 21:47:31,2451.28,0.0490256,525,1,2451.28,1,1,25668.0,0
ACC0002,2026-07-10 21:50:07,229.7,0.004594,525,2,2680.98,2,1,156.0,0
ACC0002,2026-07-11 16:16:47,2282.16,0.045643199999999995,525,1,2282.16,1,1,66400.0,0
ACC0002,2026-07-11 17:43:20,1021.53,0.0204306,525,1,1021.53,1,1,5193.0,0
ACC0002,2026-07-12 08:57:08,1560.05,0.031201,525,1,1560.05,1,1,54828.0,0
ACC0002,2026-07-12 18:22:07,4913.91,0.0982782,525,1,4913.91,1,1,33899.0,0
ACC0002,2026-07-12 21:21:46,859.55,0.017190999999999998,525,1,859.55,1,1,10779.0,0
ACC0002,2026-07-13 17:59:00,4206.5,0.08413,525,1,4206.5,1,1,74234.0,0
ACC0002,2026-07-14 08:16:51,4195.72,0.0839144,525,1,4195.72,1,1,51471.0,0
ACC0002,2026-07-14 13:43:49,2014.0,0.04028,525,1,2014.0,1,1,19618.0,0
ACC0002,2026-07-14 14:35:01,1472.68,0.0294536,525,2,3486.6800000000003,2,2,3072.0,0
ACC0002,2026-07-15 11:26:00,517.16,0.010343199999999999,525,1,517.16,1,1,75059.0,0
ACC0002,2026-07-16 17:17:46,179.45,0.0035889999999999997,525,1,179.45,1,1,107506.0,0
ACC0002,2026-07-16 19:32:06,3053.94,0.0610788,525,1,3053.94,1,1,8060.0,0
ACC0002,2026-07-17 22:01:39,3648.07,0.07296140000000001,525,1,3648.07,1,1,95373.0,0
ACC0002,2026-07-18 17:53:51,2076.09,0.041521800000000005,525,1,2076.09,1,1,71532.0,0
ACC0002,2026-07-19 06:49:36,1607.54,0.0321508,525,1,1607.54,1,1,46545.0,0
ACC0002,2026-07-19 08:51:46,893.66,0.0178732,525,1,893.66,1,1,7330.0,0
ACC0002,2026-07-19 10:39:54,4107.33,0.0821466,525,1,4107.33,1,1,6488.0,0
ACC0002,2026-07-20 10:50:14,494.49,0.0098898,525,1,494.49,1,1,87020.0,0
ACC0002,2026-07-20 21:07:46,3825.46,0.0765092,525,1,3825.46,1,1,37052.0,0
ACC0002,2026-07-21 13:02:27,5373.41,0.1074682,525,1,5373.41,1,1,57281.0,0
ACC0002,2026-07-21 16:05:51,6999.44,0.1399888,525,1,6999.44,1,1,11004.0,0
ACC0002,2026-07-23 06:11:00,997.85,0.019957,525,1,997.85,1,1,137109.0,0
ACC0002,2026-07-23 22:44:36,4038.32,0.0807664,525,1,4038.32,1,1,59616.0,0
ACC0002,2026-07-24 06:02:13,2678.01,0.0535602,525,1,2678.01,1,1,26257.0,0
ACC0002,2026-07-24 08:22:05,289.77,0.0057954,525,1,289.77,1,1,8392.0,0
ACC0002,2026-07-24 16:27:32,1060.08,0.021201599999999998,525,1,1060.08,1,1,29127.0,0
ACC0002,2026-07-25 13:34:32,6772.74,0.1354548,525,1,6772.74,1,1,76020.0,0
ACC0002,2026-07-25 15:26:08,1496.31,0.0299262,525,1,1496.31,1,1,6696.0,0
ACC0002,2026-07-26 21:09:08,1297.91,0.0259582,525,1,1297.91,1,1,106980.0,0
ACC0002,2026-07-26 21:28:07,1585.83,0.0317166,525,2,2883.74,1,2,1139.0,0
ACC0002,2026-07-30 10:05:18,1937.94,0.0387588,525,1,1937.94,1,1,304631.0,0
ACC0003,2026-07-02 17:36:18,1360.54,0.0272108,1252,1,1360.54,1,1,999999.0,0
ACC0003,2026-07-03 09:25:31,1287.87,0.025757399999999996,1252,1,1287.87,1,1,56953.0,0
ACC0003,2026-07-05 14:48:44,24286.45,0.485729,1252,1,24286.45,1,1,192193.0,0
ACC0003,2026-07-05 20:30:44,1981.32,0.0396264,1252,1,1981.32,1,1,20520.0,0
ACC0003,2026-07-07 11:31:50,829.25,0.016585,1252,1,829.25,1,1,140466.0,0
ACC0003,2026-07-07 19:03:04,3517.78,0.0703556,1252,1,3517.78,1,1,27074.0,0
ACC0003,2026-07-09 08:43:18,2846.84,0.0569368,1252,1,2846.84,1,1,135614.0,0
ACC0003,2026-07-10 13:49:42,289.63,0.0057926,1252,1,289.63,1,1,104784.0,0
ACC0003,2026-07-11 08:14:36,7071.74,0.1414348,1252,1,7071.74,1,1,66294.0,0
ACC0003,2026-07-13 11:46:41,2793.04,0.0558608,1252,1,2793.04,1,1,185525.0,0
ACC0003,2026-07-13 14:28:09,3987.05,0.079741,1252,1,3987.05,1,1,9688.0,0
ACC0003,2026-07-13 14:57:04,402.42,0.0080484,1252,2,4389.47,2,1,1735.0,0
ACC0003,2026-07-13 21:38:20,379.57,0.0075914,1252,1,379.57,1,1,24076.0,0
ACC0003,2026-07-15 21:59:57,908.35,0.018167,1252,1,908.35,1,1,174097.0,0
ACC0003,2026-07-15 22:39:08,744.2,0.014884000000000001,1252,2,1652.5500000000002,2,2,2351.0,0
ACC0003,2026-07-17 11:04:50,7360.05,0.147201,1252,1,7360.05,1,1,131142.0,0
ACC0003,2026-07-18 13:55:09,2340.76,0.0468152,1252,1,2340.76,1,1,96619.0,0
ACC0003,2026-07-18 14:59:35,3420.26,0.0684052,1252,1,3420.26,1,1,3866.0,0
ACC0003,2026-07-18 21:02:37,705.48,0.0141096,1252,1,705.48,1,1,21782.0,0
ACC0003,2026-07-19 10:14:50,164.97,0.0032994,1252,1,164.97,1,1,47533.0,0
ACC0003,2026-07-19 17:24:40,2316.16,0.046323199999999995,1252,1,2316.16,1,1,25790.0,0
ACC0003,2026-07-20 18:21:44,1541.97,0.0308394,1252,1,1541.97,1,1,89824.0,0
ACC0003,2026-07-24 20:19:28,3507.53,0.07015060000000001,1252,1,3507.53,1,1,352664.0,0
ACC0003,2026-07-26 12:30:25,2431.88,0.0486376,1252,1,2431.88,1,1,144657.0,0
ACC0003,2026-07-28 20:23:20,851.05,0.017020999999999998,1252,1,851.05,1,1,201175.0,0
ACC0003,2026-07-29 22:55:37,743.38,0.0148676,1252,1,743.38,1,1,95537.0,0
ACC0003,2026-07-30 11:18:11,840.89,0.0168178,1252,1,840.89,1,1,44554.0,0
ACC0004,2026-07-01 16:52:28,422.07,0.0084414,562,1,422.07,1,1,999999.0,0
ACC0004,2026-07-05 14:43:17,1404.56,0.0280912,562,1,1404.56,1,1,337849.0,0
ACC0004,2026-07-06 20:04:06,1347.79,0.0269558,562,1,1347.79,1,1,105649.0,0
ACC0004,2026-07-09 17:33:57,13323.66,0.2664732,562,1,13323.66,1,1,250191.0,0
ACC0004,2026-07-10 22:09:17,9055.4,0.181108,562,1,9055.4,1,1,102920.0,0
ACC0004,2026-07-13 16:20:00,11173.49,0.2234698,562,1,11173.49,1,1,238243.0,0
ACC0004,2026-07-13 19:57:29,502.17,0.010043400000000001,562,1,502.17,1,1,13049.0,0
ACC0004,2026-07-14 11:58:14,4074.9,0.081498,562,1,4074.9,1,1,57645.0,0
ACC0004,2026-07-16 07:13:33,1014.81,0.0202962,562,1,1014.81,1,1,155719.0,0
ACC0004,2026-07-17 13:49:14,956.6,0.019132,562,1,956.6,1,1,110141.0,0
ACC0004,2026-07-18 06:22:06,335.09,0.006701799999999999,562,1,335.09,1,1,59572.0,0
ACC0004,2026-07-19 17:46:00,2287.64,0.045752799999999996,562,1,2287.64,1,1,127434.0,0
ACC0004,2026-07-21 19:22:02,501.38,0.0100276,562,1,501.38,1,1,178562.0,0
ACC0004,2026-07-22 09:51:26,978.5,0.01957,562,1,978.5,1,1,52164.0,0
ACC0004,2026-07-28 17:31:01,2365.9,0.047318,562,1,2365.9,1,1,545975.0,0
ACC0005,2026-07-03 19:32:59,405.69,0.0081138,1533,1,405.69,1,1,999999.0,0
ACC0005,2026-07-04 15:08:07,2147.29,0.0429458,1533,1,2147.29,1,1,70508.0,0
ACC0005,2026-07-06 12:29:54,320.32,0.0064064,1533,1,320.32,1,1,163307.0,0
ACC0005,2026-07-08 06:18:27,3252.76,0.06505520000000001,1533,1,3252.76,1,1,150513.0,0
ACC0005,2026-07-08 07:21:04,11473.84,0.2294768,1533,1,11473.84,1,1,3757.0,0
ACC0005,2026-07-09 13:25:53,2158.99,0.0431798,1533,1,2158.99,1,1,108289.0,0
ACC0005,2026-07-09 15:58:17,1776.57,0.0355314,1533,1,1776.57,1,1,9144.0,0
ACC0005,2026-07-11 15:19:53,1666.39,0.033327800000000005,1533,1,1666.39,1,1,170496.0,0
ACC0005,2026-07-12 18:12:35,1072.0,0.02144,1533,1,1072.0,1,1,96762.0,0
ACC0005,2026-07-13 20:14:17,2374.09,0.047481800000000005,1533,1,2374.09,1,1,93702.0,0
ACC0005,2026-07-14 20:00:16,2564.07,0.051281400000000005,1533,1,2564.07,1,1,85559.0,0
ACC0005,2026-07-16 15:47:38,2752.29,0.0550458,1533,1,2752.29,1,1,157642.0,0
ACC0005,2026-07-17 22:35:40,3378.16,0.0675632,1533,1,3378.16,1,1,110882.0,0
ACC0005,2026-07-18 08:33:19,1169.81,0.0233962,1533,1,1169.81,1,1,35859.0,0
ACC0005,2026-07-19 22:46:30,1142.71,0.0228542,1533,1,1142.71,1,1,137591.0,0
ACC0005,2026-07-21 10:34:03,826.82,0.0165364,1533,1,826.82,1,1,128853.0,0
ACC0005,2026-07-21 12:46:03,644.96,0.012899200000000001,1533,1,644.96,1,1,7920.0,0
ACC0005,2026-07-21 19:18:02,724.04,0.014480799999999999,1533,1,724.04,1,1,23519.0,0
ACC0005,2026-07-21 21:57:44,1414.09,0.0282818,1533,1,1414.09,1,1,9582.0,0
ACC0005,2026-07-22 22:18:29,681.33,0.0136266,1533,1,681.33,1,1,87645.0,0
ACC0005,2026-07-24 06:17:06,3454.68,0.06909359999999999,1533,1,3454.68,1,1,115117.0,0
ACC0005,2026-07-26 07:30:16,642.21,0.0128442,1533,1,642.21,1,1,177190.0,0
ACC0005,2026-07-26 09:19:35,650.49,0.0130098,1533,1,650.49,1,1,6559.0,0
ACC0005,2026-07-26 13:33:46,378.62,0.0075724,1533,1,378.62,1,1,15251.0,0
ACC0005,2026-07-27 14:02:29,2398.47,0.047969399999999995,1533,1,2398.47,1,1,88123.0,0
ACC0005,2026-07-27 17:20:13,404.79,0.0080958,1533,1,404.79,1,1,11864.0,0
ACC0005,2026-07-28 08:36:02,2829.38,0.0565876,1533,1,2829.38,1,1,54949.0,0
ACC0006,2026-07-01 13:58:36,1340.42,0.026808400000000003,678,1,1340.42,1,1,999999.0,0
ACC0006,2026-07-01 20:31:37,1996.27,0.0399254,678,1,1996.27,1,1,23581.0,0
ACC0006,2026-07-01 22:51:17,3029.94,0.0605988,678,1,3029.94,1,1,8380.0,0
ACC0006,2026-07-03 16:17:12,3427.64,0.0685528,678,1,3427.64,1,1,149155.0,0
ACC0006,2026-07-03 18:48:08,10776.99,0.2155398,678,1,10776.99,1,1,9056.0,0
ACC0006,2026-07-04 19:04:51,3413.08,0.06826159999999999,678,1,3413.08,1,1,87403.0,0
ACC0006,2026-07-05 06:42:09,303.81,0.0060762,678,1,303.81,1,1,41838.0,0
ACC0006,2026-07-06 11:44:49,502.78,0.0100556,678,1,502.78,1,1,104560.0,0
ACC0006,2026-07-07 16:14:07,2333.71,0.0466742,678,1,2333.71,1,1,102558.0,0
ACC0006,2026-07-08 07:10:47,2214.53,0.044290600000000006,678,1,2214.53,1,1,53800.0,0
ACC0006,2026-07-15 06:55:00,491.44,0.0098288,678,1,491.44,1,1,603853.0,0
ACC0006,2026-07-18 12:07:34,10911.38,0.2182276,678,1,10911.38,1,1,277954.0,0
ACC0006,2026-07-18 15:09:37,1889.77,0.0377954,678,1,1889.77,1,1,10923.0,0
ACC0006,2026-07-19 13:35:07,1554.56,0.0310912,678,1,1554.56,1,1,80730.0,0
ACC0006,2026-07-21 20:11:01,2673.82,0.0534764,678,1,2673.82,1,1,196554.0,0
ACC0006,2026-07-22 20:52:50,4893.69,0.0978738,678,1,4893.69,1,1,88909.0,0
ACC0006,2026-07-25 15:31:23,776.62,0.0155324,678,1,776.62,1,1,239913.0,0
ACC0006,2026-07-28 13:55:30,521.02,0.0104204,678,1,521.02,1,1,253447.0,0
ACC0006,2026-07-28 18:34:16,2641.97,0.052839399999999995,678,1,2641.97,1,1,16726.0,0
ACC0007,2026-07-02 09:40:11,578.58,0.011571600000000001,1888,1,578.58,1,1,999999.0,0
ACC0007,2026-07-03 20:44:38,565.62,0.0113124,1888,1,565.62,1,1,126267.0,0
ACC0007,2026-07-05 14:05:44,1864.82,0.0372964,1888,1,1864.82,1,1,148866.0,0
ACC0007,2026-07-11 22:34:26,124.86,0.0024972,1888,1,124.86,1,1,548922.0,0
ACC0007,2026-07-12 20:51:47,1236.69,0.0247338,1888,1,1236.69,1,1,80241.0,0
ACC0007,2026-07-13 12:48:43,12149.71,0.2429942,1888,1,12149.71,1,1,57416.0,0
ACC0007,2026-07-13 13:44:27,1304.71,0.0260942,1888,2,13454.419999999998,1,1,3344.0,0
ACC0007,2026-07-15 16:19:20,1646.98,0.0329396,1888,1,1646.98,1,1,182093.0,0
ACC0007,2026-07-16 12:00:36,4235.62,0.0847124,1888,1,4235.62,1,1,70876.0,0
ACC0007,2026-07-20 07:11:20,1259.12,0.025182399999999997,1888,1,1259.12,1,1,328244.0,0
ACC0007,2026-07-21 08:19:09,2388.87,0.0477774,1888,1,2388.87,1,1,90469.0,0
ACC0007,2026-07-24 06:57:43,2765.47,0.055309399999999995,1888,1,2765.47,1,1,254314.0,0
ACC0007,2026-07-24 18:35:52,427.39,0.0085478,1888,1,427.39,1,1,41889.0,0
ACC0007,2026-07-27 22:11:28,903.7,0.018074,1888,1,903.7,1,1,272136.0,0
ACC0007,2026-07-29 10:07:02,1007.4,0.020148,1888,1,1007.4,1,1,129334.0,0
ACC0008,2026-07-03 07:48:50,1174.57,0.0234914,76,1,1174.57,1,1,999999.0,0
ACC0008,2026-07-03 14:09:04,786.01,0.0157202,76,1,786.01,1,1,22814.0,0
ACC0008,2026-07-04 20:22:35,1323.79,0.0264758,76,1,1323.79,1,1,108811.0,0
ACC0008,2026-07-04 20:22:50,763.32,0.015266400000000001,76,2,2087.11,2,1,15.0,0
ACC0008,2026-07-05 09:53:43,970.48,0.0194096,76,1,970.48,1,1,48653.0,0
ACC0008,2026-07-05 19:02:12,2003.3,0.040066,76,1,2003.3,1,1,32909.0,0
ACC0008,2026-07-08 09:14:52,2689.29,0.0537858,76,1,2689.29,1,1,223960.0,0
ACC0008,2026-07-08 20:37:10,1938.98,0.0387796,76,1,1938.98,1,1,40938.0,0
ACC0008,2026-07-08 20:44:20,5753.18,0.1150636,76,2,7692.16,2,1,430.0,0
ACC0008,2026-07-09 11:14:17,3069.94,0.0613988,76,1,3069.94,1,1,52197.0,0
ACC0008,2026-07-10 13:31:23,1531.25,0.030625,76,1,1531.25,1,1,94626.0,0
ACC0008,2026-07-10 21:00:46,759.75,0.015195,76,1,759.75,1,1,26963.0,0
ACC0008,2026-07-11 08:21:07,1433.29,0.028665799999999998,76,1,1433.29,1,1,40821.0,0
ACC0008,2026-07-13 20:57:08,2830.83,0.056616599999999996,76,1,2830.83,1,1,218161.0,0
ACC0008,2026-07-15 09:09:15,3260.21,0.0652042,76,1,3260.21,1,1,130327.0,0
ACC0008,2026-07-18 08:55:00,4629.89,0.09259780000000001,76,1,4629.89,1,1,258345.0,0
ACC0008,2026-07-19 13:58:24,2953.56,0.0590712,76,1,2953.56,1,1,104604.0,0
ACC0008,2026-07-20 20:59:08,1266.87,0.0253374,76,1,1266.87,1,1,111644.0,0
ACC0008,2026-07-21 13:50:09,47.07,0.0009414,76,1,47.07,1,1,60661.0,0
ACC0008,2026-07-23 15:03:55,2914.72,0.058294399999999996,76,1,2914.72,1,1,177226.0,0
ACC0008,2026-07-24 16:03:45,1114.29,0.022285799999999998,76,1,1114.29,1,1,89990.0,0
ACC0008,2026-07-27 06:33:59,1620.15,0.032403,76,1,1620.15,1,1,225014.0,0
ACC0008,2026-07-27 09:55:31,2719.05,0.054381000000000006,76,1,2719.05,1,1,12092.0,0
ACC0008,2026-07-28 12:27:47,1399.92,0.027998400000000003,76,1,1399.92,1,1,95536.0,0
ACC0008,2026-07-29 13:43:43,3350.33,0.0670066,76,1,3350.33,1,1,90956.0,0
ACC0008,2026-07-29 16:04:28,1197.11,0.023942199999999997,76,1,1197.11,1,1,8445.0,0
ACC0008,2026-07-29 16:29:23,1362.67,0.0272534,76,2,2559.7799999999997,2,1,1495.0,0
ACC0008,2026-07-30 06:59:26,2629.07,0.0525814,76,1,2629.07,1,1,52203.0,0
ACC0008,2026-07-30 15:10:05,2873.74,0.05747479999999999,76,1,2873.74,1,1,29439.0,0
ACC0009,2026-07-03 17:18:01,1242.85,0.024856999999999997,621,1,1242.85,1,1,999999.0,0
ACC0009,2026-07-04 08:46:56,525.94,0.010518800000000002,621,1,525.94,1,1,55735.0,0
ACC0009,2026-07-05 17:10:07,635.85,0.012717000000000001,621,1,635.85,1,1,116591.0,0
ACC0009,2026-07-06 09:57:32,2480.08,0.049601599999999996,621,1,2480.08,1,1,60445.0,0
ACC0009,2026-07-06 10:17:16,1374.92,0.027498400000000003,621,2,3855.0,2,1,1184.0,0
ACC0009,2026-07-08 15:36:44,219.65,0.004393,621,1,219.65,1,1,191968.0,0
ACC0009,2026-07-09 11:43:58,1799.69,0.0359938,621,1,1799.69,1,1,72434.0,0
ACC0009,2026-07-10 11:19:51,4046.79,0.0809358,621,1,4046.79,1,1,84953.0,0
ACC0009,2026-07-10 15:01:32,2214.48,0.0442896,621,1,2214.48,1,1,13301.0,0
ACC0009,2026-07-10 16:21:26,1805.53,0.0361106,621,1,1805.53,1,1,4794.0,0
ACC0009,2026-07-11 16:48:20,3635.73,0.0727146,621,1,3635.73,1,1,88014.0,0
ACC0009,2026-07-11 18:59:45,2800.39,0.056007799999999996,621,1,2800.39,1,1,7885.0,0
ACC0009,2026-07-11 22:55:18,765.7,0.015314000000000001,621,1,765.7,1,1,14133.0,0
ACC0009,2026-07-12 16:27:41,2017.57,0.040351399999999996,621,1,2017.57,1,1,63143.0,0
ACC0009,2026-07-13 08:21:00,5609.6,0.11219200000000001,621,1,5609.6,1,1,57199.0,0
ACC0009,2026-07-13 08:50:14,618.96,0.0123792,621,2,6228.56,2,1,1754.0,0
ACC0009,2026-07-13 10:13:39,2820.66,0.0564132,621,1,2820.66,1,1,5005.0,0
ACC0009,2026-07-13 10:18:15,2100.31,0.0420062,621,2,4920.969999999999,2,1,276.0,0
ACC0009,2026-07-14 07:06:23,1484.92,0.0296984,621,1,1484.92,1,1,74888.0,0
ACC0009,2026-07-14 21:17:58,30007.75,0.600155,621,1,30007.75,1,1,51095.0,0
ACC0009,2026-07-14 22:09:01,367.68,0.0073536,621,2,30375.43,2,1,3063.0,0
ACC0009,2026-07-16 16:47:14,2307.11,0.0461422,621,1,2307.11,1,1,153493.0,0
ACC0009,2026-07-16 17:27:06,2019.08,0.0403816,621,2,4326.1900000000005,2,2,2392.0,0
ACC0009,2026-07-17 08:25:30,386.21,0.0077242,621,1,386.21,1,1,53904.0,0
ACC0009,2026-07-18 17:47:39,1823.49,0.036469800000000004,621,1,1823.49,1,1,120129.0,0
ACC0009,2026-07-20 06:30:06,938.18,0.0187636,621,1,938.18,1,1,132147.0,0
ACC0009,2026-07-20 22:19:19,2964.78,0.059295600000000004,621,1,2964.78,1,1,56953.0,0
ACC0009,2026-07-21 09:03:22,5597.63,0.1119526,621,1,5597.63,1,1,38643.0,0
ACC0009,2026-07-22 12:19:14,816.81,0.0163362,621,1,816.81,1,1,98152.0,0
ACC0009,2026-07-22 14:13:53,1377.91,0.0275582,621,1,1377.91,1,1,6879.0,0
ACC0009,2026-07-22 19:40:49,603.45,0.012069000000000002,621,1,603.45,1,1,19616.0,0
ACC0009,2026-07-23 07:30:03,2570.96,0.0514192,621,1,2570.96,1,1,42554.0,0
ACC0009,2026-07-23 10:49:33,1416.73,0.0283346,621,1,1416.73,1,1,11970.0,0
ACC0009,2026-07-23 19:20:10,1380.01,0.0276002,621,1,1380.01,1,1,30637.0,0
ACC0009,2026-07-23 20:46:05,1813.67,0.036273400000000004,621,1,1813.67,1,1,5155.0,0
ACC0009,2026-07-23 21:05:19,2002.26,0.0400452,621,2,3815.9300000000003,2,1,1154.0,0
ACC0009,2026-07-25 07:25:23,910.64,0.0182128,621,1,910.64,1,1,123604.0,0
ACC0009,2026-07-27 11:45:12,6558.02,0.1311604,621,1,6558.02,1,1,188389.0,0
ACC0009,2026-07-28 13:18:22,1814.92,0.0362984,621,1,1814.92,1,1,91990.0,0
ACC0009,2026-07-29 17:45:57,244.31,0.0048862,621,1,244.31,1,1,102455.0,0
ACC0009,2026-07-30 08:09:10,2901.8,0.058036000000000004,621,1,2901.8,1,1,51793.0,0
ACC0010,2026-07-01 07:49:20,666.57,0.0133314,145,1,666.57,1,1,999999.0,0
ACC0010,2026-07-01 14:37:15,572.95,0.011459,145,1,572.95,1,1,24475.0,0
ACC0010,2026-07-02 10:07:31,2097.76,0.041955200000000005,145,1,2097.76,1,1,70216.0,0
ACC0010,2026-07-05 16:40:50,482.76,0.0096552,145,1,482.76,1,1,282799.0,0
ACC0010,2026-07-06 09:35:53,1788.91,0.0357782,145,1,1788.91,1,1,60903.0,0
ACC0010,2026-07-06 20:53:05,2605.46,0.0521092,145,1,2605.46,1,1,40632.0,0
ACC0010,2026-07-06 21:28:03,4951.82,0.0990364,145,2,7557.28,2,1,2098.0,0
ACC0010,2026-07-07 13:11:18,12503.87,0.2500774,145,1,12503.87,1,1,56595.0,0
ACC0010,2026-07-08 07:24:12,7981.8,0.159636,145,1,7981.8,1,1,65574.0,0
ACC0010,2026-07-09 07:08:39,1111.88,0.022237600000000003,145,1,1111.88,1,1,85467.0,0
ACC0010,2026-07-12 12:14:03,921.3,0.018425999999999998,145,1,921.3,1,1,277524.0,0
ACC0010,2026-07-12 13:37:24,455.77,0.0091154,145,1,455.77,1,1,5001.0,0
ACC0010,2026-07-12 21:36:25,17705.54,0.3541108,145,1,17705.54,1,1,28741.0,0
ACC0010,2026-07-12 21:41:05,1501.23,0.030024600000000002,145,2,19206.77,2,1,280.0,0
ACC0010,2026-07-14 13:02:12,2727.07,0.054541400000000004,145,1,2727.07,1,1,141667.0,0
ACC0010,2026-07-14 18:06:49,6801.89,0.13603780000000001,145,1,6801.89,1,1,18277.0,0
ACC0010,2026-07-14 22:05:34,3747.01,0.0749402,145,1,3747.01,1,1,14325.0,0
ACC0010,2026-07-15 19:58:19,3184.94,0.0636988,145,1,3184.94,1,1,78765.0,0
ACC0010,2026-07-16 12:47:35,1971.41,0.039428200000000004,145,1,1971.41,1,1,60556.0,0
ACC0010,2026-07-17 09:11:58,1856.75,0.037135,145,1,1856.75,1,1,73463.0,0
ACC0010,2026-07-17 16:34:21,6483.27,0.12966540000000001,145,1,6483.27,1,1,26543.0,0
ACC0010,2026-07-19 19:37:22,1063.18,0.0212636,145,1,1063.18,1,1,183781.0,0
ACC0010,2026-07-20 12:27:17,4756.65,0.095133,145,1,4756.65,1,1,60595.0,0
ACC0010,2026-07-20 12:46:19,296.58,0.0059315999999999995,145,2,5053.23,2,1,1142.0,0
ACC0010,2026-07-21 11:58:20,875.34,0.0175068,145,1,875.34,1,1,83521.0,0
ACC0010,2026-07-22 11:09:30,1739.69,0.0347938,145,1,1739.69,1,1,83470.0,0
ACC0010,2026-07-23 09:46:33,1993.03,0.039860599999999996,145,1,1993.03,1,1,81423.0,0
ACC0010,2026-07-23 14:49:58,1720.62,0.034412399999999996,145,1,1720.62,1,1,18205.0,0
ACC0010,2026-07-25 17:59:03,3464.24,0.0692848,145,1,3464.24,1,1,184145.0,0
ACC0010,2026-07-26 07:55:55,7702.84,0.1540568,145,1,7702.84,1,1,50212.0,0
ACC0010,2026-07-27 06:56:40,1850.77,0.0370154,145,1,1850.77,1,1,82845.0,0
ACC0010,2026-07-27 11:44:09,2601.12,0.052022399999999996,145,1,2601.12,1,1,17249.0,0
ACC0010,2026-07-28 13:27:00,241.27,0.0048254000000000005,145,1,241.27,1,1,92571.0,0
ACC0010,2026-07-29 09:32:14,1218.56,0.0243712,145,1,1218.56,1,1,72314.0,0
ACC0010,2026-07-29 10:40:09,4122.44,0.08244879999999999,145,1,4122.44,1,1,4075.0,0
ACC0010,2026-07-29 20:52:59,2322.61,0.046452200000000006,145,1,2322.61,1,1,36770.0,0
ACC0010,2026-07-30 14:14:33,3341.82,0.0668364,145,1,3341.82,1,1,62494.0,0
ACC0010,2026-07-30 15:22:07,688.59,0.0137718,145,1,688.59,1,1,4054.0,0
ACC0010,2026-07-30 20:51:11,374.05,0.007481,145,1,374.05,1,1,19744.0,0
ACC0011,2026-07-01 14:20:11,1597.49,0.0319498,1297,1,1597.49,1,1,999999.0,0
ACC0011,2026-07-02 12:13:48,4343.97,0.08687940000000001,1297,1,4343.97,1,1,78817.0,0
ACC0011,2026-07-02 15:39:59,11608.52,0.2321704,1297,1,11608.52,1,1,12371.0,0
ACC0011,2026-07-03 13:08:25,1460.01,0.0292002,1297,1,1460.01,1,1,77306.0,0
ACC0011,2026-07-04 11:56:45,1621.09,0.0324218,1297,1,1621.09,1,1,82100.0,0
ACC0011,2026-07-04 12:59:28,2804.53,0.056090600000000004,1297,1,2804.53,1,1,3763.0,0
ACC0011,2026-07-04 17:32:18,2507.0,0.05014,1297,1,2507.0,1,1,16370.0,0
ACC0011,2026-07-04 20:56:09,2572.48,0.0514496,1297,1,2572.48,1,1,12231.0,0
ACC0011,2026-07-05 07:10:58,1239.17,0.0247834,1297,1,1239.17,1,1,36889.0,0
ACC0011,2026-07-05 20:34:42,1241.14,0.024822800000000003,1297,1,1241.14,1,1,48224.0,0
ACC0011,2026-07-07 14:17:11,4281.25,0.085625,1297,1,4281.25,1,1,150149.0,0
ACC0011,2026-07-07 20:07:42,6826.93,0.1365386,1297,1,6826.93,1,1,21031.0,0
ACC0011,2026-07-09 16:50:21,397.52,0.0079504,1297,1,397.52,1,1,160959.0,0
ACC0011,2026-07-10 19:18:32,1764.64,0.0352928,1297,1,1764.64,1,1,95291.0,0
ACC0011,2026-07-12 09:58:26,2158.7,0.043174,1297,1,2158.7,1,1,139194.0,0
ACC0011,2026-07-12 13:51:23,102.82,0.0020564,1297,1,102.82,1,1,13977.0,0
ACC0011,2026-07-13 07:05:43,313.53,0.0062705999999999994,1297,1,313.53,1,1,62060.0,0
ACC0011,2026-07-13 13:11:55,2531.08,0.050621599999999996,1297,1,2531.08,1,1,21972.0,0
ACC0011,2026-07-14 06:14:33,3214.88,0.0642976,1297,1,3214.88,1,1,61358.0,0
ACC0011,2026-07-14 09:23:30,11641.34,0.2328268,1297,1,11641.34,1,1,11337.0,0
ACC0011,2026-07-14 11:09:51,7921.96,0.1584392,1297,1,7921.96,1,1,6381.0,0
ACC0011,2026-07-16 07:08:11,1474.29,0.0294858,1297,1,1474.29,1,1,158300.0,0
ACC0011,2026-07-16 10:32:39,3621.6,0.072432,1297,1,3621.6,1,1,12268.0,0
ACC0011,2026-07-16 19:51:37,3020.57,0.060411400000000004,1297,1,3020.57,1,1,33538.0,0
ACC0011,2026-07-18 08:20:06,376.93,0.0075386,1297,1,376.93,1,1,131309.0,0
ACC0011,2026-07-18 13:37:56,16802.34,0.3360468,1297,1,16802.34,1,1,19070.0,0
ACC0011,2026-07-19 08:32:25,1859.42,0.0371884,1297,1,1859.42,1,1,68069.0,0
ACC0011,2026-07-19 17:10:40,7340.68,0.14681360000000002,1297,1,7340.68,1,1,31095.0,0
ACC0011,2026-07-19 19:43:54,4123.37,0.0824674,1297,1,4123.37,1,1,9194.0,0
ACC0011,2026-07-21 06:30:56,352.32,0.0070463999999999995,1297,1,352.32,1,1,125222.0,0
ACC0011,2026-07-21 09:49:06,1378.94,0.0275788,1297,1,1378.94,1,1,11890.0,0
ACC0011,2026-07-22 06:35:58,1565.52,0.0313104,1297,1,1565.52,1,1,74812.0,0
ACC0011,2026-07-22 14:30:28,94.1,0.001882,1297,1,94.1,1,1,28470.0,0
ACC0011,2026-07-22 18:35:14,930.18,0.018603599999999998,1297,1,930.18,1,1,14686.0,0
ACC0011,2026-07-24 10:28:43,8237.4,0.164748,1297,1,8237.4,1,1,143609.0,0
ACC0011,2026-07-24 17:44:46,3010.61,0.0602122,1297,1,3010.61,1,1,26163.0,0
ACC0011,2026-07-26 09:51:46,7841.47,0.1568294,1297,1,7841.47,1,1,144420.0,0
ACC0011,2026-07-27 16:25:37,876.02,0.0175204,1297,1,876.02,1,1,110031.0,0
ACC0011,2026-07-27 17:46:40,10778.6,0.215572,1297,1,10778.6,1,1,4863.0,0
ACC0011,2026-07-28 11:07:23,433.92,0.008678400000000001,1297,1,433.92,1,1,62443.0,0
ACC0011,2026-07-28 18:29:27,1882.31,0.0376462,1297,1,1882.31,1,1,26524.0,0
ACC0011,2026-07-29 07:57:48,1536.41,0.0307282,1297,1,1536.41,1,1,48501.0,0
ACC0011,2026-07-29 10:19:31,9955.22,0.1991044,1297,1,9955.22,1,1,8503.0,0
ACC0011,2026-07-29 18:13:53,1783.95,0.035679,1297,1,1783.95,1,1,28462.0,0
ACC0012,2026-07-03 12:43:14,1463.03,0.029260599999999998,426,1,1463.03,1,1,999999.0,0
ACC0012,2026-07-04 09:16:21,1731.71,0.034634200000000004,426,1,1731.71,1,1,73987.0,0
ACC0012,2026-07-04 11:51:22,3127.94,0.0625588,426,1,3127.94,1,1,9301.0,0
ACC0012,2026-07-05 07:55:21,336.19,0.0067238,426,1,336.19,1,1,72239.0,0
ACC0012,2026-07-05 20:37:59,1319.26,0.0263852,426,1,1319.26,1,1,45758.0,0
ACC0012,2026-07-06 07:42:00,5318.14,0.10636280000000001,426,1,5318.14,1,1,39841.0,0
ACC0012,2026-07-06 14:24:27,213.86,0.0042772,426,1,213.86,1,1,24147.0,0
ACC0012,2026-07-06 20:54:30,115.62,0.0023124,426,1,115.62,1,1,23403.0,0
ACC0012,2026-07-07 20:59:06,4824.58,0.0964916,426,1,4824.58,1,1,86676.0,0
ACC0012,2026-07-08 07:50:46,692.68,0.013853599999999999,426,1,692.68,1,1,39100.0,0
ACC0012,2026-07-08 19:36:37,2291.49,0.0458298,426,1,2291.49,1,1,42351.0,0
ACC0012,2026-07-08 21:09:18,8236.81,0.1647362,426,1,8236.81,1,1,5561.0,0
ACC0012,2026-07-09 15:36:17,304.68,0.0060936,426,1,304.68,1,1,66419.0,0
ACC0012,2026-07-09 18:03:37,2685.2,0.053703999999999995,426,1,2685.2,1,1,8840.0,0
ACC0012,2026-07-10 20:00:40,1254.55,0.025091,426,1,1254.55,1,1,93423.0,0
ACC0012,2026-07-11 08:17:40,1221.65,0.024433000000000003,426,1,1221.65,1,1,44220.0,0
ACC0012,2026-07-11 09:48:58,872.52,0.0174504,426,1,872.52,1,1,5478.0,0
ACC0012,2026-07-11 22:16:20,574.31,0.011486199999999998,426,1,574.31,1,1,44842.0,0
ACC0012,2026-07-12 13:59:25,2126.13,0.0425226,426,1,2126.13,1,1,56585.0,0
ACC0012,2026-07-12 16:46:34,1854.05,0.037080999999999996,426,1,1854.05,1,1,10029.0,0
ACC0012,2026-07-13 09:40:00,422.59,0.008451799999999999,426,1,422.59,1,1,60806.0,0
ACC0012,2026-07-14 19:46:05,1551.49,0.0310298,426,1,1551.49,1,1,122765.0,0
ACC0012,2026-07-14 21:02:12,5058.28,0.1011656,426,1,5058.28,1,1,4567.0,0
ACC0012,2026-07-15 08:22:14,1604.61,0.0320922,426,1,1604.61,1,1,40802.0,0
ACC0012,2026-07-15 12:26:28,675.2,0.013504,426,1,675.2,1,1,14654.0,0
ACC0012,2026-07-17 18:41:08,441.43,0.0088286,426,1,441.43,1,1,195280.0,0
ACC0012,2026-07-18 12:14:55,2842.78,0.056855600000000006,426,1,2842.78,1,1,63227.0,0
ACC0012,2026-07-22 07:45:58,8758.4,0.175168,426,1,8758.4,1,1,329463.0,0
ACC0012,2026-07-22 09:10:11,6403.11,0.1280622,426,1,6403.11,1,1,5053.0,0
ACC0012,2026-07-22 09:47:12,7031.26,0.1406252,426,2,13434.369999999999,2,1,2221.0,0
ACC0012,2026-07-22 10:36:16,1231.76,0.0246352,426,2,8263.02,2,1,2944.0,0
ACC0012,2026-07-23 06:56:30,1732.67,0.0346534,426,1,1732.67,1,1,73214.0,0
ACC0012,2026-07-23 19:38:26,845.4,0.016908,426,1,845.4,1,1,45716.0,0
ACC0012,2026-07-23 20:37:23,33331.05,0.666621,426,2,34176.450000000004,2,1,3537.0,0
ACC0012,2026-07-24 14:03:51,173.42,0.0034684,426,1,173.42,1,1,62788.0,0
ACC0012,2026-07-24 21:36:51,5857.67,0.1171534,426,1,5857.67,1,1,27180.0,0
ACC0012,2026-07-25 08:44:37,415.25,0.008305,426,1,415.25,1,1,40066.0,0
ACC0012,2026-07-25 08:56:06,1777.5,0.03555,426,2,2192.75,2,2,689.0,0
ACC0012,2026-07-25 16:32:45,533.85,0.010677,426,1,533.85,1,1,27399.0,0
ACC0012,2026-07-25 20:11:31,4787.77,0.0957554,426,1,4787.77,1,1,13126.0,0
ACC0012,2026-07-26 10:18:30,3457.82,0.0691564,426,1,3457.82,1,1,50819.0,0
ACC0013,2026-07-01 07:59:13,1631.64,0.032632800000000003,1364,1,1631.64,1,1,999999.0,0
ACC0013,2026-07-05 20:05:17,2261.92,0.0452384,1364,1,2261.92,1,1,389164.0,0
ACC0013,2026-07-06 16:58:28,899.03,0.0179806,1364,1,899.03,1,1,75191.0,0
ACC0013,2026-07-08 19:12:20,2835.63,0.0567126,1364,1,2835.63,1,1,180832.0,0
ACC0013,2026-07-08 21:49:56,4858.73,0.09717459999999999,1364,1,4858.73,1,1,9456.0,0
ACC0013,2026-07-09 18:19:33,403.16,0.008063200000000001,1364,1,403.16,1,1,73777.0,0
ACC0013,2026-07-11 12:24:56,2316.81,0.0463362,1364,1,2316.81,1,1,151523.0,0
ACC0013,2026-07-11 13:20:49,6175.97,0.1235194,1364,2,8492.78,2,1,3353.0,0
ACC0013,2026-07-12 09:32:31,1062.23,0.0212446,1364,1,1062.23,1,1,72702.0,0
ACC0013,2026-07-12 15:15:31,1059.11,0.021182199999999998,1364,1,1059.11,1,1,20580.0,0
ACC0013,2026-07-14 19:13:24,1134.82,0.0226964,1364,1,1134.82,1,1,187073.0,0
ACC0013,2026-07-16 07:28:07,176.73,0.0035345999999999997,1364,1,176.73,1,1,130483.0,0
ACC0013,2026-07-16 18:06:38,585.25,0.011705,1364,1,585.25,1,1,38311.0,0
ACC0013,2026-07-18 09:01:53,2344.45,0.04688899999999999,1364,1,2344.45,1,1,140115.0,0
ACC0013,2026-07-21 22:34:07,1011.35,0.020227000000000002,1364,1,1011.35,1,1,307934.0,0
ACC0013,2026-07-22 21:40:55,656.76,0.0131352,1364,1,656.76,1,1,83208.0,0
ACC0013,2026-07-23 10:12:07,1065.9,0.021318,1364,1,1065.9,1,1,45072.0,0
ACC0013,2026-07-24 07:03:59,446.89,0.0089378,1364,1,446.89,1,1,75112.0,0
ACC0013,2026-07-24 13:04:10,4512.58,0.0902516,1364,1,4512.58,1,1,21611.0,0
ACC0013,2026-07-24 14:49:44,5582.29,0.1116458,1364,1,5582.29,1,1,6334.0,0
ACC0013,2026-07-24 16:24:52,1945.5,0.03891,1364,1,1945.5,1,1,5708.0,0
ACC0013,2026-07-24 21:42:24,1753.15,0.035063000000000004,1364,1,1753.15,1,1,19052.0,0
ACC0013,2026-07-25 11:57:41,3000.65,0.060013000000000004,1364,1,3000.65,1,1,51317.0,0
ACC0013,2026-07-25 13:09:45,796.52,0.0159304,1364,1,796.52,1,1,4324.0,0
ACC0013,2026-07-26 20:45:12,833.26,0.0166652,1364,1,833.26,1,1,113727.0,0
ACC0013,2026-07-28 10:17:20,937.89,0.018757799999999998,1364,1,937.89,1,1,135128.0,0
ACC0013,2026-07-28 17:39:54,4415.41,0.0883082,1364,1,4415.41,1,1,26554.0,0
ACC0013,2026-07-29 16:09:37,9996.04,0.1999208,1364,1,9996.04,1,1,80983.0,0
ACC0013,2026-07-29 16:40:33,1939.95,0.038799,1364,2,11935.990000000002,2,1,1856.0,0
ACC0013,2026-07-30 13:03:24,628.19,0.012563800000000002,1364,1,628.19,1,1,73371.0,0
ACC0014,2026-07-02 21:55:29,5538.62,0.1107724,904,1,5538.62,1,1,999999.0,0
ACC0014,2026-07-07 22:44:07,2232.03,0.0446406,904,1,2232.03,1,1,434918.0,0
ACC0014,2026-07-08 14:30:55,1989.1,0.039782,904,1,1989.1,1,1,56808.0,0
ACC0014,2026-07-10 22:57:30,3596.66,0.0719332,904,1,3596.66,1,1,203195.0,0
ACC0014,2026-07-14 09:08:05,2444.39,0.048887799999999995,904,1,2444.39,1,1,295835.0,0
ACC0014,2026-07-14 12:46:32,1793.81,0.0358762,904,1,1793.81,1,1,13107.0,0
ACC0014,2026-07-15 15:58:09,1305.45,0.026109,904,1,1305.45,1,1,97897.0,0
ACC0014,2026-07-17 12:37:11,1029.19,0.020583800000000003,904,1,1029.19,1,1,160742.0,0
ACC0014,2026-07-17 13:17:45,1333.51,0.0266702,904,2,2362.7,2,1,2434.0,0
ACC0014,2026-07-23 22:30:09,264.83,0.005296599999999999,904,1,264.83,1,1,551544.0,0
ACC0014,2026-07-23 22:48:13,4725.53,0.0945106,904,2,4990.36,2,1,1084.0,0
ACC0014,2026-07-24 17:15:38,2377.5,0.04755,904,1,2377.5,1,1,66445.0,0
ACC0014,2026-07-25 12:55:19,1392.94,0.0278588,904,1,1392.94,1,1,70781.0,0
ACC0014,2026-07-25 22:06:31,3513.45,0.070269,904,1,3513.45,1,1,33072.0,0
ACC0014,2026-07-26 20:13:18,3444.58,0.0688916,904,1,3444.58,1,1,79607.0,0
ACC0014,2026-07-29 13:59:55,4274.96,0.0854992,904,1,4274.96,1,1,236797.0,0
ACC0014,2026-07-30 10:02:19,3817.2,0.076344,904,1,3817.2,1,1,72144.0,0
ACC0015,2026-07-01 17:53:16,951.9,0.019038,1295,1,951.9,1,1,999999.0,0
ACC0015,2026-07-02 21:34:48,3540.82,0.0708164,1295,1,3540.82,1,1,99692.0,0
ACC0015,2026-07-03 08:31:36,5134.53,0.10269059999999999,1295,1,5134.53,1,1,39408.0,0
ACC0015,2026-07-04 06:32:10,2416.04,0.0483208,1295,1,2416.04,1,1,79234.0,0
ACC0015,2026-07-04 12:04:27,3482.89,0.06965779999999999,1295,1,3482.89,1,1,19937.0,0
ACC0015,2026-07-06 15:18:55,623.61,0.012472200000000001,1295,1,623.61,1,1,184468.0,0
ACC0015,2026-07-06 17:09:53,3563.59,0.0712718,1295,1,3563.59,1,1,6658.0,0
ACC0015,2026-07-06 18:11:35,1030.91,0.020618200000000003,1295,1,1030.91,1,1,3702.0,0
ACC0015,2026-07-07 09:44:02,7520.06,0.1504012,1295,1,7520.06,1,1,55947.0,0
ACC0015,2026-07-10 12:01:19,7495.86,0.1499172,1295,1,7495.86,1,1,267437.0,0
ACC0015,2026-07-11 16:37:46,2360.75,0.047215,1295,1,2360.75,1,1,102987.0,0
ACC0015,2026-07-13 06:06:51,379.48,0.0075896,1295,1,379.48,1,1,134945.0,0
ACC0015,2026-07-13 08:24:04,1010.71,0.0202142,1295,1,1010.71,1,1,8233.0,0
ACC0015,2026-07-13 10:10:02,580.03,0.011600599999999999,1295,1,580.03,1,1,6358.0,0
ACC0015,2026-07-13 21:26:12,616.63,0.012332599999999999,1295,1,616.63,1,1,40570.0,0
ACC0015,2026-07-14 11:55:31,3304.16,0.0660832,1295,1,3304.16,1,1,52159.0,0
ACC0015,2026-07-16 09:33:47,2794.64,0.0558928,1295,1,2794.64,1,1,164296.0,0
ACC0015,2026-07-16 16:56:36,97.79,0.0019558,1295,1,97.79,1,1,26569.0,0
ACC0015,2026-07-16 18:42:58,1867.53,0.0373506,1295,1,1867.53,1,1,6382.0,0
ACC0015,2026-07-17 14:09:39,976.48,0.0195296,1295,1,976.48,1,1,70001.0,0
ACC0015,2026-07-17 18:11:50,605.63,0.0121126,1295,1,605.63,1,1,14531.0,0
ACC0015,2026-07-18 15:18:55,5591.43,0.1118286,1295,1,5591.43,1,1,76025.0,0
ACC0015,2026-07-20 12:58:10,653.78,0.0130756,1295,1,653.78,1,1,164355.0,0
ACC0015,2026-07-21 16:56:31,324.03,0.0064805999999999996,1295,1,324.03,1,1,100701.0,0
ACC0015,2026-07-23 16:37:28,565.7,0.011314000000000001,1295,1,565.7,1,1,171657.0,0
ACC0015,2026-07-23 20:39:22,468.67,0.0093734,1295,1,468.67,1,1,14514.0,0
ACC0015,2026-07-25 17:38:59,1987.89,0.0397578,1295,1,1987.89,1,1,161977.0,0
ACC0015,2026-07-26 17:40:51,1236.85,0.024737,1295,1,1236.85,1,1,86512.0,0
ACC0015,2026-07-30 06:50:43,2310.85,0.046217,1295,1,2310.85,1,1,306592.0,0
ACC0015,2026-07-30 13:48:57,649.02,0.0129804,1295,1,649.02,1,1,25094.0,0
ACC0015,2026-07-30 14:45:45,756.56,0.0151312,1295,2,1405.58,2,1,3408.0,0
ACC0016,2026-07-01 13:14:20,272.28,0.005445599999999999,547,1,272.28,1,1,999999.0,0
ACC0016,2026-07-02 19:00:22,2144.42,0.0428884,547,1,2144.42,1,1,107162.0,0
ACC0016,2026-07-04 08:01:37,1405.2,0.028104,547,1,1405.2,1,1,133275.0,0
ACC0016,2026-07-04 13:44:06,839.48,0.016789600000000002,547,1,839.48,1,1,20549.0,0
ACC0016,2026-07-05 10:46:47,1974.1,0.039481999999999996,547,1,1974.1,1,1,75761.0,0
ACC0016,2026-07-05 11:01:58,2672.38,0.053447600000000005,547,2,4646.48,2,2,911.0,0
ACC0016,2026-07-05 22:58:44,1649.88,0.0329976,547,1,1649.88,1,1,43006.0,0
ACC0016,2026-07-06 09:00:04,443.73,0.0088746,547,1,443.73,1,1,36080.0,0
ACC0016,2026-07-06 15:32:08,929.01,0.018580199999999998,547,1,929.01,1,1,23524.0,0
ACC0016,2026-07-07 11:00:28,5935.96,0.1187192,547,1,5935.96,1,1,70100.0,0
ACC0016,2026-07-09 06:07:12,10691.27,0.2138254,547,1,10691.27,1,1,155204.0,0
ACC0016,2026-07-09 06:55:43,934.21,0.0186842,547,2,11625.48,2,2,2911.0,0
ACC0016,2026-07-09 08:16:24,476.53,0.0095306,547,1,476.53,1,1,4841.0,0
ACC0016,2026-07-09 10:47:30,8868.13,0.17736259999999998,547,1,8868.13,1,1,9066.0,0
ACC0016,2026-07-09 10:52:30,820.58,0.016411600000000002,547,2,9688.71,2,2,300.0,0
ACC0016,2026-07-10 09:01:24,1103.82,0.0220764,547,1,1103.82,1,1,79734.0,0
ACC0016,2026-07-10 15:54:58,2220.33,0.0444066,547,1,2220.33,1,1,24814.0,0
ACC0016,2026-07-11 17:27:10,3777.57,0.0755514,547,1,3777.57,1,1,91932.0,0
ACC0016,2026-07-12 14:21:24,669.35,0.013387,547,1,669.35,1,1,75254.0,0
ACC0016,2026-07-13 10:12:02,668.92,0.013378399999999999,547,1,668.92,1,1,71438.0,0
ACC0016,2026-07-13 13:39:21,12288.82,0.2457764,547,1,12288.82,1,1,12439.0,0
ACC0016,2026-07-14 06:33:29,588.19,0.011763800000000001,547,1,588.19,1,1,60848.0,0
ACC0016,2026-07-14 17:44:20,5761.48,0.11522959999999999,547,1,5761.48,1,1,40251.0,0
ACC0016,2026-07-15 21:13:36,3239.29,0.0647858,547,1,3239.29,1,1,98956.0,0
ACC0016,2026-07-16 17:59:29,989.58,0.0197916,547,1,989.58,1,1,74753.0,0
ACC0016,2026-07-17 11:00:04,1521.01,0.0304202,547,1,1521.01,1,1,61235.0,0
ACC0016,2026-07-17 14:49:31,2375.26,0.047505200000000004,547,1,2375.26,1,1,13767.0,0
ACC0016,2026-07-19 06:56:06,1486.23,0.0297246,547,1,1486.23,1,1,144395.0,0
ACC0016,2026-07-20 20:01:21,250.2,0.005004,547,1,250.2,1,1,133515.0,0
ACC0016,2026-07-21 11:05:36,209.35,0.004187,547,1,209.35,1,1,54255.0,0
ACC0016,2026-07-21 12:25:23,499.63,0.009992599999999999,547,1,499.63,1,1,4787.0,0
ACC0016,2026-07-21 18:35:59,570.39,0.0114078,547,1,570.39,1,1,22236.0,0
ACC0016,2026-07-21 19:31:55,3932.67,0.0786534,547,2,4503.06,1,1,3356.0,0
ACC0016,2026-07-27 19:44:50,2886.56,0.057731199999999996,547,1,2886.56,1,1,519175.0,0
ACC0017,2026-07-02 13:02:52,2949.48,0.0589896,989,1,2949.48,1,1,999999.0,0
ACC0017,2026-07-02 13:28:15,1889.78,0.0377956,989,2,4839.26,2,1,1523.0,0
ACC0017,2026-07-02 21:25:45,2013.31,0.0402662,989,1,2013.31,1,1,28650.0,0
ACC0017,2026-07-03 14:33:10,1272.16,0.025443200000000003,989,1,1272.16,1,1,61645.0,0
ACC0017,2026-07-03 14:58:34,18729.31,0.37458620000000004,989,2,20001.47,2,1,1524.0,0
ACC0017,2026-07-03 19:21:36,1758.09,0.0351618,989,1,1758.09,1,1,15782.0,0
ACC0017,2026-07-03 20:57:15,2758.08,0.0551616,989,1,2758.08,1,1,5739.0,0
ACC0017,2026-07-04 11:15:09,2487.65,0.049753,989,1,2487.65,1,1,51474.0,0
ACC0017,2026-07-05 15:22:43,27010.61,0.5402122,989,1,27010.61,1,1,101254.0,0
ACC0017,2026-07-06 09:48:00,903.01,0.0180602,989,1,903.01,1,1,66317.0,0
ACC0017,2026-07-09 10:04:39,2053.63,0.0410726,989,1,2053.63,1,1,260199.0,0
ACC0017,2026-07-09 10:53:15,775.3,0.015505999999999999,989,2,2828.9300000000003,2,1,2916.0,0
ACC0017,2026-07-10 15:20:43,2521.31,0.0504262,989,1,2521.31,1,1,102448.0,0
ACC0017,2026-07-11 18:06:43,859.32,0.0171864,989,1,859.32,1,1,96360.0,0
ACC0017,2026-07-13 20:15:28,3226.53,0.06453060000000001,989,1,3226.53,1,1,180525.0,0
ACC0017,2026-07-14 11:11:33,615.49,0.012309800000000001,989,1,615.49,1,1,53765.0,0
ACC0017,2026-07-14 11:19:21,864.04,0.0172808,989,2,1479.53,2,1,468.0,0
ACC0017,2026-07-14 17:36:04,1903.97,0.0380794,989,1,1903.97,1,1,22603.0,0
ACC0017,2026-07-14 21:06:35,3310.96,0.0662192,989,1,3310.96,1,1,12631.0,0
ACC0017,2026-07-15 07:20:35,3304.39,0.0660878,989,1,3304.39,1,1,36840.0,0
ACC0017,2026-07-16 22:53:44,280.76,0.0056152,989,1,280.76,1,1,142389.0,0
ACC0017,2026-07-19 20:19:56,1839.66,0.036793200000000005,989,1,1839.66,1,1,249972.0,0
ACC0017,2026-07-20 11:50:03,3130.61,0.0626122,989,1,3130.61,1,1,55807.0,0
ACC0017,2026-07-20 17:23:11,665.71,0.0133142,989,1,665.71,1,1,19988.0,0
ACC0017,2026-07-21 16:19:23,1509.74,0.0301948,989,1,1509.74,1,1,82572.0,0
ACC0017,2026-07-22 22:46:01,801.6,0.016032,989,1,801.6,1,1,109598.0,0
ACC0017,2026-07-23 11:03:42,1145.78,0.022915599999999998,989,1,1145.78,1,1,44261.0,0
ACC0017,2026-07-23 22:17:31,3310.29,0.0662058,989,1,3310.29,1,1,40429.0,0
ACC0017,2026-07-23 22:48:27,3985.4,0.079708,989,2,7295.6900000000005,2,1,1856.0,0
ACC0017,2026-07-24 06:05:33,602.05,0.012041,989,1,602.05,1,1,26226.0,0
ACC0017,2026-07-24 06:07:42,10703.44,0.2140688,989,2,11305.49,2,1,129.0,0
ACC0017,2026-07-24 13:45:35,1983.62,0.0396724,989,1,1983.62,1,1,27473.0,0
ACC0017,2026-07-24 18:50:52,1639.14,0.0327828,989,1,1639.14,1,1,18317.0,0
ACC0017,2026-07-25 11:42:42,615.5,0.01231,989,1,615.5,1,1,60710.0,0
ACC0017,2026-07-25 18:38:29,3226.92,0.0645384,989,1,3226.92,1,1,24947.0,0
ACC0017,2026-07-26 10:11:58,733.25,0.014665,989,1,733.25,1,1,56009.0,0
ACC0017,2026-07-26 14:53:42,718.04,0.0143608,989,1,718.04,1,1,16904.0,0
ACC0017,2026-07-28 09:18:36,807.55,0.016151,989,1,807.55,1,1,152694.0,0
ACC0017,2026-07-28 18:37:02,972.12,0.0194424,989,1,972.12,1,1,33506.0,0
ACC0017,2026-07-30 14:52:26,3551.57,0.07103140000000001,989,1,3551.57,1,1,159324.0,0
ACC0017,2026-07-30 22:56:18,1711.79,0.0342358,989,1,1711.79,1,1,29032.0,0
ACC0018,2026-07-01 20:01:57,285.33,0.0057066,239,1,285.33,1,1,999999.0,0
ACC0018,2026-07-03 07:17:15,3399.13,0.0679826,239,1,3399.13,1,1,126918.0,0
ACC0018,2026-07-04 08:11:07,84.46,0.0016891999999999999,239,1,84.46,1,1,89632.0,0
ACC0018,2026-07-05 15:09:22,248.6,0.004972,239,1,248.6,1,1,111495.0,0
ACC0018,2026-07-06 12:33:34,3631.82,0.0726364,239,1,3631.82,1,1,77052.0,0
ACC0018,2026-07-06 18:25:05,5458.56,0.10917120000000001,239,1,5458.56,1,1,21091.0,0
ACC0018,2026-07-09 07:05:18,23683.11,0.47366220000000003,239,1,23683.11,1,1,218413.0,0
ACC0018,2026-07-09 17:04:31,372.29,0.007445800000000001,239,1,372.29,1,1,35953.0,0
ACC0018,2026-07-09 18:00:03,1180.15,0.023603000000000002,239,2,1552.44,2,1,3332.0,0
ACC0018,2026-07-11 20:44:14,1107.41,0.022148200000000003,239,1,1107.41,1,1,182651.0,0
ACC0018,2026-07-12 10:47:53,1170.63,0.023412600000000002,239,1,1170.63,1,1,50619.0,0
ACC0018,2026-07-12 22:24:09,1832.39,0.0366478,239,1,1832.39,1,1,41776.0,0
ACC0018,2026-07-13 10:28:05,4131.55,0.08263100000000001,239,1,4131.55,1,1,43436.0,0
ACC0018,2026-07-16 17:45:15,2969.42,0.0593884,239,1,2969.42,1,1,285430.0,0
ACC0018,2026-07-17 11:31:15,2710.75,0.054215,239,1,2710.75,1,1,63960.0,0
ACC0018,2026-07-18 11:45:15,6359.97,0.12719940000000002,239,1,6359.97,1,1,87240.0,0
ACC0018,2026-07-19 17:58:50,2141.95,0.042838999999999995,239,1,2141.95,1,1,108815.0,0
ACC0018,2026-07-19 19:52:12,166.77,0.0033354,239,1,166.77,1,1,6802.0,0
ACC0018,2026-07-23 15:00:06,382.79,0.007655800000000001,239,1,382.79,1,1,328074.0,0
ACC0018,2026-07-23 22:16:02,1967.78,0.0393556,239,1,1967.78,1,1,26156.0,0
ACC0018,2026-07-24 20:35:20,5164.16,0.10328319999999999,239,1,5164.16,1,1,80358.0,0
ACC0018,2026-07-25 06:18:35,231.65,0.004633,239,1,231.65,1,1,34995.0,0
ACC0018,2026-07-27 12:11:30,685.54,0.013710799999999999,239,1,685.54,1,1,193975.0,0
ACC0018,2026-07-30 16:13:47,3825.55,0.07651100000000001,239,1,3825.55,1,1,273737.0,0
ACC0019,2026-07-03 06:41:50,157.71,0.0031542000000000002,1401,1,157.71,1,1,999999.0,0
ACC0019,2026-07-03 07:09:54,1611.99,0.0322398,1401,2,1769.7,2,1,1684.0,0
ACC0019,2026-07-04 20:53:43,1657.88,0.0331576,1401,1,1657.88,1,1,135829.0,0
ACC0019,2026-07-04 21:41:11,390.39,0.0078078,1401,2,2048.27,2,1,2848.0,0
ACC0019,2026-07-05 17:24:26,361.84,0.0072368,1401,1,361.84,1,1,70995.0,0
ACC0019,2026-07-06 14:09:00,1728.49,0.0345698,1401,1,1728.49,1,1,74674.0,0
ACC0019,2026-07-07 14:50:34,2462.17,0.0492434,1401,1,2462.17,1,1,88894.0,0
ACC0019,2026-07-08 18:11:38,1157.4,0.023148000000000002,1401,1,1157.4,1,1,98464.0,0
ACC0019,2026-07-08 20:34:45,1162.22,0.023244400000000002,1401,1,1162.22,1,1,8587.0,0
ACC0019,2026-07-09 22:32:01,900.04,0.0180008,1401,1,900.04,1,1,93436.0,0
ACC0019,2026-07-10 10:50:31,348.1,0.006962,1401,1,348.1,1,1,44310.0,0
ACC0019,2026-07-11 11:05:23,168.65,0.003373,1401,1,168.65,1,1,87292.0,0
ACC0019,2026-07-12 11:20:43,7021.72,0.14043440000000001,1401,1,7021.72,1,1,87320.0,0
ACC0019,2026-07-12 18:53:49,329.38,0.0065876,1401,1,329.38,1,1,27186.0,0
ACC0019,2026-07-13 18:22:31,176.43,0.0035286000000000002,1401,1,176.43,1,1,84522.0,0
ACC0019,2026-07-15 09:20:02,11181.94,0.2236388,1401,1,11181.94,1,1,140251.0,0
ACC0019,2026-07-15 19:08:22,8517.61,0.1703522,1401,1,8517.61,1,1,35300.0,0
ACC0019,2026-07-15 22:22:30,14866.78,0.29733560000000003,1401,1,14866.78,1,1,11648.0,0
ACC0019,2026-07-16 09:03:57,676.48,0.013529600000000001,1401,1,676.48,1,1,38487.0,0
ACC0019,2026-07-16 19:48:48,2003.14,0.0400628,1401,1,2003.14,1,1,38691.0,0
ACC0019,2026-07-17 14:59:33,1939.36,0.0387872,1401,1,1939.36,1,1,69045.0,0
ACC0019,2026-07-17 16:56:39,1058.82,0.021176399999999998,1401,1,1058.82,1,1,7026.0,0
ACC0019,2026-07-17 17:29:11,3788.38,0.0757676,1401,2,4847.2,2,1,1952.0,0
ACC0019,2026-07-17 22:29:49,1143.58,0.0228716,1401,1,1143.58,1,1,18038.0,0
ACC0019,2026-07-21 16:52:27,1199.27,0.0239854,1401,1,1199.27,1,1,325358.0,0
ACC0019,2026-07-23 08:01:13,486.3,0.009726,1401,1,486.3,1,1,140926.0,0
ACC0019,2026-07-23 10:05:42,987.72,0.019754400000000002,1401,1,987.72,1,1,7469.0,0
ACC0019,2026-07-25 11:09:23,895.38,0.0179076,1401,1,895.38,1,1,176621.0,0
ACC0019,2026-07-26 16:17:54,3505.01,0.0701002,1401,1,3505.01,1,1,104911.0,0
ACC0019,2026-07-27 06:54:56,1172.35,0.023447,1401,1,1172.35,1,1,52622.0,0
ACC0019,2026-07-27 16:36:38,1875.22,0.0375044,1401,1,1875.22,1,1,34902.0,0
ACC0019,2026-07-28 06:26:31,1612.72,0.0322544,1401,1,1612.72,1,1,49793.0,0
ACC0019,2026-07-28 06:57:54,3874.41,0.0774882,1401,2,5487.13,2,1,1883.0,0
ACC0019,2026-07-28 12:19:00,2247.2,0.044944,1401,1,2247.2,1,1,19266.0,0
ACC0019,2026-07-28 22:26:10,1803.98,0.0360796,1401,1,1803.98,1,1,36430.0,0
ACC0019,2026-07-30 15:32:14,3889.19,0.0777838,1401,1,3889.19,1,1,147964.0,0
ACC0019,2026-07-30 22:19:17,1600.25,0.032005,1401,1,1600.25,1,1,24423.0,0
ACC0020,2026-07-01 07:43:11,298.72,0.0059744,1124,1,298.72,1,1,999999.0,0
ACC0020,2026-07-01 08:55:22,10746.05,0.21492099999999997,1124,1,10746.05,1,1,4331.0,0
ACC0020,2026-07-01 16:15:41,3150.26,0.06300520000000001,1124,1,3150.26,1,1,26419.0,0
ACC0020,2026-07-02 20:20:12,1685.79,0.0337158,1124,1,1685.79,1,1,101071.0,0
ACC0020,2026-07-03 12:51:46,5700.2,0.114004,1124,1,5700.2,1,1,59494.0,0
ACC0020,2026-07-03 20:07:49,2091.24,0.041824799999999995,1124,1,2091.24,1,1,26163.0,0
ACC0020,2026-07-04 07:22:24,761.02,0.0152204,1124,1,761.02,1,1,40475.0,0
ACC0020,2026-07-08 13:24:50,3399.01,0.0679802,1124,1,3399.01,1,1,367346.0,0
ACC0020,2026-07-08 18:29:01,3973.82,0.0794764,1124,1,3973.82,1,1,18251.0,0
ACC0020,2026-07-08 19:13:47,1323.6,0.026472,1124,2,5297.42,2,1,2686.0,0
ACC0020,2026-07-08 21:55:49,337.27,0.0067453999999999995,1124,1,337.27,1,1,9722.0,0
ACC0020,2026-07-10 07:16:08,224.75,0.004495,1124,1,224.75,1,1,120019.0,0
ACC0020,2026-07-12 20:33:49,4186.28,0.0837256,1124,1,4186.28,1,1,220661.0,0
ACC0020,2026-07-12 21:57:21,2588.82,0.0517764,1124,1,2588.82,1,1,5012.0,0
ACC0020,2026-07-14 07:17:40,2806.0,0.05612,1124,1,2806.0,1,1,120019.0,0
ACC0020,2026-07-14 15:08:25,5617.09,0.1123418,1124,1,5617.09,1,1,28245.0,0
ACC0020,2026-07-15 09:25:14,1680.39,0.0336078,1124,1,1680.39,1,1,65809.0,0
ACC0020,2026-07-15 14:49:53,3428.7,0.068574,1124,1,3428.7,1,1,19479.0,0
ACC0020,2026-07-16 19:22:11,6414.42,0.1282884,1124,1,6414.42,1,1,102738.0,0
ACC0020,2026-07-17 22:34:17,4759.98,0.0951996,1124,1,4759.98,1,1,97926.0,0
ACC0020,2026-07-19 08:50:04,2463.68,0.049273599999999994,1124,1,2463.68,1,1,123347.0,0
ACC0020,2026-07-19 19:23:44,2892.35,0.057846999999999996,1124,1,2892.35,1,1,38020.0,0
ACC0020,2026-07-19 20:20:43,4887.08,0.0977416,1124,2,7779.43,2,1,3419.0,0
ACC0020,2026-07-20 09:18:50,5106.6,0.102132,1124,1,5106.6,1,1,46687.0,0
ACC0020,2026-07-20 09:23:24,794.17,0.0158834,1124,2,5900.77,2,1,274.0,0
ACC0020,2026-07-20 15:14:10,1656.01,0.0331202,1124,1,1656.01,1,1,21046.0,0
ACC0020,2026-07-21 11:36:34,477.77,0.0095554,1124,1,477.77,1,1,73344.0,0
ACC0020,2026-07-21 21:36:04,669.92,0.0133984,1124,1,669.92,1,1,35970.0,0
ACC0020,2026-07-22 14:18:34,1221.43,0.0244286,1124,1,1221.43,1,1,60150.0,0
ACC0020,2026-07-23 19:34:51,911.82,0.0182364,1124,1,911.82,1,1,105377.0,0
ACC0020,2026-07-23 19:49:41,1794.41,0.0358882,1124,2,2706.23,2,1,890.0,0
ACC0020,2026-07-25 17:17:47,2233.8,0.044676,1124,1,2233.8,1,1,163686.0,0
ACC0020,2026-07-27 17:10:15,7833.8,0.156676,1124,1,7833.8,1,1,172348.0,0
ACC0020,2026-07-30 12:22:03,1978.62,0.0395724,1124,1,1978.62,1,1,241908.0,0
ACC0020,2026-07-30 20:10:09,5654.51,0.1130902,1124,1,5654.51,1,1,28086.0,0
ACC0021,2026-07-01 06:25:33,1006.35,0.020127,1614,1,1006.35,1,1,999999.0,0
ACC0021,2026-07-01 10:21:40,1510.29,0.030205799999999998,1614,1,1510.29,1,1,14167.0,0
ACC0021,2026-07-01 14:53:53,2036.11,0.0407222,1614,1,2036.11,1,1,16333.0,0
ACC0021,2026-07-01 18:50:47,1277.44,0.0255488,1614,1,1277.44,1,1,14214.0,0
ACC0021,2026-07-03 15:02:20,938.48,0.0187696,1614,1,938.48,1,1,159093.0,0
ACC0021,2026-07-05 19:10:03,1136.4,0.022728,1614,1,1136.4,1,1,187663.0,0
ACC0021,2026-07-06 15:59:05,8654.02,0.1730804,1614,1,8654.02,1,1,74942.0,0
ACC0021,2026-07-07 09:45:51,2846.93,0.0569386,1614,1,2846.93,1,1,64006.0,0
ACC0021,2026-07-07 09:46:11,906.77,0.0181354,1614,2,3753.7,2,2,20.0,0
ACC0021,2026-07-08 07:34:52,502.96,0.010059199999999999,1614,1,502.96,1,1,78521.0,0
ACC0021,2026-07-08 22:13:02,312.16,0.006243200000000001,1614,1,312.16,1,1,52690.0,0
ACC0021,2026-07-10 06:04:35,4260.79,0.0852158,1614,1,4260.79,1,1,114693.0,0
ACC0021,2026-07-10 14:41:31,1254.24,0.0250848,1614,1,1254.24,1,1,31016.0,0
ACC0021,2026-07-10 17:45:55,2091.49,0.04182979999999999,1614,1,2091.49,1,1,11064.0,0
ACC0021,2026-07-11 17:03:50,2232.47,0.0446494,1614,1,2232.47,1,1,83875.0,0
ACC0021,2026-07-12 11:47:13,103.39,0.0020678,1614,1,103.39,1,1,67403.0,0
ACC0021,2026-07-12 18:36:21,3664.81,0.0732962,1614,1,3664.81,1,1,24548.0,0
ACC0021,2026-07-15 07:15:31,1569.63,0.0313926,1614,1,1569.63,1,1,218350.0,0
ACC0021,2026-07-16 07:05:38,5112.12,0.1022424,1614,1,5112.12,1,1,85807.0,0
ACC0021,2026-07-16 18:41:14,6567.77,0.1313554,1614,1,6567.77,1,1,41736.0,0
ACC0021,2026-07-17 13:44:13,11398.71,0.2279742,1614,1,11398.71,1,1,68579.0,0
ACC0021,2026-07-17 15:31:37,10172.25,0.203445,1614,1,10172.25,1,1,6444.0,0
ACC0021,2026-07-17 21:27:23,1247.99,0.0249598,1614,1,1247.99,1,1,21346.0,0
ACC0021,2026-07-20 18:46:20,1208.6,0.024172,1614,1,1208.6,1,1,249537.0,0
ACC0021,2026-07-21 07:27:35,7274.07,0.14548139999999998,1614,1,7274.07,1,1,45675.0,0
ACC0021,2026-07-21 16:19:34,787.2,0.015744,1614,1,787.2,1,1,31919.0,0
ACC0021,2026-07-22 08:01:02,5146.4,0.10292799999999999,1614,1,5146.4,1,1,56488.0,0
ACC0021,2026-07-22 13:01:28,3826.73,0.0765346,1614,1,3826.73,1,1,18026.0,0
ACC0021,2026-07-25 16:15:26,2026.11,0.0405222,1614,1,2026.11,1,1,270838.0,0
ACC0021,2026-07-25 17:40:36,3424.67,0.0684934,1614,1,3424.67,1,1,5110.0,0
ACC0021,2026-07-25 22:55:44,902.83,0.018056600000000003,1614,1,902.83,1,1,18908.0,0
ACC0021,2026-07-26 13:32:27,10432.15,0.208643,1614,1,10432.15,1,1,52603.0,0
ACC0021,2026-07-26 20:48:31,4398.98,0.08797959999999999,1614,1,4398.98,1,1,26164.0,0
ACC0021,2026-07-27 12:36:02,1179.02,0.0235804,1614,1,1179.02,1,1,56851.0,0
ACC0021,2026-07-27 12:38:57,4758.68,0.09517360000000001,1614,2,5937.700000000001,2,1,175.0,0
ACC0021,2026-07-29 15:26:45,1137.06,0.0227412,1614,1,1137.06,1,1,182868.0,0
ACC0021,2026-07-29 15:53:13,933.49,0.0186698,1614,2,2070.55,2,1,1588.0,0
ACC0021,2026-07-29 18:22:37,2656.51,0.0531302,1614,1,2656.51,1,1,8964.0,0
ACC0021,2026-07-30 19:24:19,1015.67,0.0203134,1614,1,1015.67,1,1,90102.0,0
ACC0022,2026-07-01 09:07:16,1022.72,0.0204544,1100,1,1022.72,1,1,999999.0,0
ACC0022,2026-07-01 15:00:07,1187.36,0.0237472,1100,1,1187.36,1,1,21171.0,0
ACC0022,2026-07-01 15:18:19,418.86,0.0083772,1100,2,1606.2199999999998,2,1,1092.0,0
ACC0022,2026-07-02 12:01:29,4201.41,0.0840282,1100,1,4201.41,1,1,74590.0,0
ACC0022,2026-07-04 08:11:08,644.71,0.012894200000000001,1100,1,644.71,1,1,158979.0,0
ACC0022,2026-07-04 16:36:32,11408.92,0.2281784,1100,1,11408.92,1,1,30324.0,0
ACC0022,2026-07-06 22:24:12,723.99,0.014479800000000001,1100,1,723.99,1,1,193660.0,0
ACC0022,2026-07-07 08:23:26,668.01,0.0133602,1100,1,668.01,1,1,35954.0,0
ACC0022,2026-07-07 22:28:22,2277.13,0.0455426,1100,1,2277.13,1,1,50696.0,0
ACC0022,2026-07-09 16:03:24,1528.63,0.030572600000000002,1100,1,1528.63,1,1,149702.0,0
ACC0022,2026-07-09 17:52:08,930.21,0.0186042,1100,1,930.21,1,1,6524.0,0
ACC0022,2026-07-10 08:27:19,971.83,0.019436600000000002,1100,1,971.83,1,1,52511.0,0
ACC0022,2026-07-13 07:10:35,1287.42,0.0257484,1100,1,1287.42,1,1,254596.0,0
ACC0022,2026-07-13 09:54:33,514.2,0.010284000000000001,1100,1,514.2,1,1,9838.0,0
ACC0022,2026-07-13 14:21:20,3404.55,0.068091,1100,1,3404.55,1,1,16007.0,0
ACC0022,2026-07-13 15:00:52,794.81,0.0158962,1100,2,4199.360000000001,2,1,2372.0,0
ACC0022,2026-07-13 19:28:44,1928.68,0.0385736,1100,1,1928.68,1,1,16072.0,0
ACC0022,2026-07-13 20:52:02,7562.21,0.1512442,1100,1,7562.21,1,1,4998.0,0
ACC0022,2026-07-14 08:48:59,191.94,0.0038388,1100,1,191.94,1,1,43017.0,0
ACC0022,2026-07-14 10:39:00,617.94,0.012358800000000001,1100,1,617.94,1,1,6601.0,0
ACC0022,2026-07-14 13:07:19,2687.61,0.0537522,1100,1,2687.61,1,1,8899.0,0
ACC0022,2026-07-16 08:28:54,3015.48,0.0603096,1100,1,3015.48,1,1,156095.0,0
ACC0022,2026-07-16 17:52:55,3836.76,0.0767352,1100,1,3836.76,1,1,33841.0,0
ACC0022,2026-07-17 17:09:31,1296.67,0.025933400000000002,1100,1,1296.67,1,1,83796.0,0
ACC0022,2026-07-19 22:54:06,931.53,0.0186306,1100,1,931.53,1,1,193475.0,0
ACC0022,2026-07-20 15:59:10,1032.31,0.0206462,1100,1,1032.31,1,1,61504.0,0
ACC0022,2026-07-20 21:32:20,4811.87,0.0962374,1100,1,4811.87,1,1,19990.0,0
ACC0022,2026-07-21 10:07:15,1056.7,0.021134,1100,1,1056.7,1,1,45295.0,0
ACC0022,2026-07-23 16:52:10,1113.22,0.0222644,1100,1,1113.22,1,1,197095.0,0
ACC0022,2026-07-23 19:11:39,1844.64,0.0368928,1100,1,1844.64,1,1,8369.0,0
ACC0022,2026-07-26 07:43:36,2584.7,0.051694,1100,1,2584.7,1,1,217917.0,0
ACC0022,2026-07-26 14:03:57,11281.89,0.2256378,1100,1,11281.89,1,1,22821.0,0
ACC0022,2026-07-27 16:36:47,2262.64,0.045252799999999996,1100,1,2262.64,1,1,95570.0,0
ACC0022,2026-07-28 21:32:52,919.43,0.018388599999999998,1100,1,919.43,1,1,104165.0,0
ACC0022,2026-07-29 16:49:38,4314.24,0.0862848,1100,1,4314.24,1,1,69406.0,0
ACC0022,2026-07-29 17:07:12,468.52,0.0093704,1100,2,4782.76,2,1,1054.0,0
ACC0022,2026-07-30 18:04:05,116.8,0.002336,1100,1,116.8,1,1,89813.0,0
ACC0023,2026-07-03 19:22:03,1759.12,0.035182399999999996,829,1,1759.12,1,1,999999.0,0
ACC0023,2026-07-03 20:51:00,2025.96,0.0405192,829,1,2025.96,1,1,5337.0,0
ACC0023,2026-07-04 06:18:11,13785.88,0.2757176,829,1,13785.88,1,1,34031.0,0
ACC0023,2026-07-04 08:59:07,1859.99,0.0371998,829,1,1859.99,1,1,9656.0,0
ACC0023,2026-07-06 10:55:40,1714.19,0.0342838,829,1,1714.19,1,1,179793.0,0
ACC0023,2026-07-08 07:49:38,1652.87,0.0330574,829,1,1652.87,1,1,161638.0,0
ACC0023,2026-07-08 17:55:47,825.3,0.016506,829,1,825.3,1,1,36369.0,0
ACC0023,2026-07-08 18:12:58,2484.93,0.049698599999999996,829,2,3310.2299999999996,2,1,1031.0,0
ACC0023,2026-07-09 09:30:16,2231.74,0.044634799999999995,829,1,2231.74,1,1,55038.0,0
ACC0023,2026-07-09 20:29:27,2343.23,0.0468646,829,1,2343.23,1,1,39551.0,0
ACC0023,2026-07-10 07:26:19,539.12,0.0107824,829,1,539.12,1,1,39412.0,0
ACC0023,2026-07-10 08:14:09,7213.58,0.1442716,829,2,7752.7,2,1,2870.0,0
ACC0023,2026-07-10 13:54:24,19736.45,0.394729,829,1,19736.45,1,1,20415.0,0
ACC0023,2026-07-10 19:32:43,6304.52,0.12609040000000002,829,1,6304.52,1,1,20299.0,0
ACC0023,2026-07-11 17:20:00,384.59,0.0076917999999999995,829,1,384.59,1,1,78437.0,0
ACC0023,2026-07-12 10:14:13,5220.39,0.10440780000000001,829,1,5220.39,1,1,60853.0,0
ACC0023,2026-07-12 11:46:49,19144.52,0.3828904,829,1,19144.52,1,1,5556.0,0
ACC0023,2026-07-14 09:27:27,4852.49,0.09704979999999999,829,1,4852.49,1,1,164438.0,0
ACC0023,2026-07-14 12:52:10,5204.03,0.1040806,829,1,5204.03,1,1,12283.0,0
ACC0023,2026-07-15 11:23:37,2702.49,0.054049799999999995,829,1,2702.49,1,1,81087.0,0
ACC0023,2026-07-15 22:07:27,233.99,0.0046798000000000005,829,1,233.99,1,1,38630.0,0
ACC0023,2026-07-16 22:13:11,1048.7,0.020974,829,1,1048.7,1,1,86744.0,0
ACC0023,2026-07-17 10:38:03,779.81,0.0155962,829,1,779.81,1,1,44692.0,0
ACC0023,2026-07-18 13:28:37,1682.44,0.0336488,829,1,1682.44,1,1,96634.0,0
ACC0023,2026-07-18 16:26:11,528.74,0.0105748,829,1,528.74,1,1,10654.0,0
ACC0023,2026-07-18 17:15:22,2941.92,0.0588384,829,2,3470.66,2,1,2951.0,0
ACC0023,2026-07-18 19:16:59,742.63,0.0148526,829,1,742.63,1,1,7297.0,0
ACC0023,2026-07-20 11:48:19,2937.47,0.05874939999999999,829,1,2937.47,1,1,145880.0,0
ACC0023,2026-07-21 17:11:16,7506.76,0.1501352,829,1,7506.76,1,1,105777.0,0
ACC0023,2026-07-22 17:43:56,1676.11,0.033522199999999995,829,1,1676.11,1,1,88360.0,0
ACC0023,2026-07-23 06:22:00,2144.17,0.0428834,829,1,2144.17,1,1,45484.0,0
ACC0023,2026-07-23 15:05:41,1162.48,0.0232496,829,1,1162.48,1,1,31421.0,0
ACC0023,2026-07-23 18:34:50,5874.94,0.11749879999999999,829,1,5874.94,1,1,12549.0,0
ACC0023,2026-07-23 22:04:03,2794.07,0.055881400000000005,829,1,2794.07,1,1,12553.0,0
ACC0023,2026-07-24 06:44:04,4268.62,0.0853724,829,1,4268.62,1,1,31201.0,0
ACC0023,2026-07-27 09:20:00,6422.89,0.1284578,829,1,6422.89,1,1,268556.0,0
ACC0023,2026-07-27 19:07:23,322.03,0.0064405999999999995,829,1,322.03,1,1,35243.0,0
ACC0023,2026-07-29 07:51:03,596.57,0.011931400000000002,829,1,596.57,1,1,132220.0,0
ACC0024,2026-07-01 19:29:49,3859.73,0.0771946,1578,1,3859.73,1,1,999999.0,0
ACC0024,2026-07-02 07:56:43,2287.28,0.045745600000000004,1578,1,2287.28,1,1,44814.0,0
ACC0024,2026-07-02 10:33:34,2523.87,0.0504774,1578,1,2523.87,1,1,9411.0,0
ACC0024,2026-07-02 15:17:17,3942.34,0.07884680000000001,1578,1,3942.34,1,1,17023.0,0
ACC0024,2026-07-02 15:29:41,1551.18,0.031023600000000002,1578,2,5493.52,2,2,744.0,0
ACC0024,2026-07-02 21:32:45,2304.56,0.0460912,1578,1,2304.56,1,1,21784.0,0
ACC0024,2026-07-03 06:14:03,925.49,0.0185098,1578,1,925.49,1,1,31278.0,0
ACC0024,2026-07-03 16:21:10,1067.95,0.021359,1578,1,1067.95,1,1,36427.0,0
ACC0024,2026-07-03 18:38:31,2732.28,0.0546456,1578,1,2732.28,1,1,8241.0,0
ACC0024,2026-07-04 16:40:08,3094.66,0.061893199999999995,1578,1,3094.66,1,1,79297.0,0
ACC0024,2026-07-04 19:16:04,37487.48,0.7497496,1578,1,37487.48,1,1,9356.0,0
ACC0024,2026-07-05 19:02:45,2623.66,0.0524732,1578,1,2623.66,1,1,85601.0,0
ACC0024,2026-07-06 17:20:29,2747.64,0.054952799999999996,1578,1,2747.64,1,1,80264.0,0
ACC0024,2026-07-06 19:48:58,10686.32,0.21372639999999998,1578,1,10686.32,1,1,8909.0,0
ACC0024,2026-07-07 08:31:21,831.74,0.0166348,1578,1,831.74,1,1,45743.0,0
ACC0024,2026-07-09 08:26:57,899.45,0.017989,1578,1,899.45,1,1,172536.0,0
ACC0024,2026-07-10 18:19:39,3148.86,0.0629772,1578,1,3148.86,1,1,121962.0,0
ACC0024,2026-07-11 11:20:16,550.93,0.011018599999999998,1578,1,550.93,1,1,61237.0,0
ACC0024,2026-07-11 21:47:17,752.91,0.015058199999999999,1578,1,752.91,1,1,37621.0,0
ACC0024,2026-07-14 14:07:58,1880.54,0.0376108,1578,1,1880.54,1,1,231641.0,0
ACC0024,2026-07-15 22:29:40,4285.91,0.0857182,1578,1,4285.91,1,1,116502.0,0
ACC0024,2026-07-16 07:48:18,673.81,0.013476199999999999,1578,1,673.81,1,1,33518.0,0
ACC0024,2026-07-17 06:04:09,3180.89,0.0636178,1578,1,3180.89,1,1,80151.0,0
ACC0024,2026-07-17 14:50:20,877.23,0.0175446,1578,1,877.23,1,1,31571.0,0
ACC0024,2026-07-19 22:18:35,1610.33,0.0322066,1578,1,1610.33,1,1,199695.0,0
ACC0024,2026-07-19 22:45:20,436.13,0.0087226,1578,2,2046.46,2,1,1605.0,0
ACC0024,2026-07-20 15:42:33,1470.79,0.0294158,1578,1,1470.79,1,1,61033.0,0
ACC0024,2026-07-21 06:05:07,1700.17,0.0340034,1578,1,1700.17,1,1,51754.0,0
ACC0024,2026-07-21 09:50:38,5018.48,0.10036959999999999,1578,1,5018.48,1,1,13531.0,0
ACC0024,2026-07-21 14:02:02,2776.55,0.055531000000000004,1578,1,2776.55,1,1,15084.0,0
ACC0024,2026-07-21 15:08:19,5787.73,0.11575459999999999,1578,1,5787.73,1,1,3977.0,0
ACC0024,2026-07-22 06:57:22,16883.52,0.3376704,1578,1,16883.52,1,1,56943.0,0
ACC0024,2026-07-22 18:43:34,2882.26,0.05764520000000001,1578,1,2882.26,1,1,42372.0,0
ACC0024,2026-07-23 14:07:01,343.26,0.0068652,1578,1,343.26,1,1,69807.0,0
ACC0024,2026-07-24 13:15:52,1000.27,0.0200054,1578,1,1000.27,1,1,83331.0,0
ACC0024,2026-07-25 06:55:03,493.73,0.0098746,1578,1,493.73,1,1,63551.0,0
ACC0024,2026-07-27 11:04:06,1154.15,0.023083000000000003,1578,1,1154.15,1,1,187743.0,0
ACC0024,2026-07-29 09:44:52,3794.4,0.075888,1578,1,3794.4,1,1,168046.0,0
ACC0024,2026-07-29 15:47:36,1113.51,0.0222702,1578,1,1113.51,1,1,21764.0,0
ACC0024,2026-07-30 08:48:33,2936.94,0.0587388,1578,1,2936.94,1,1,61257.0,0
ACC0024,2026-07-30 11:19:00,770.71,0.015414200000000001,1578,1,770.71,1,1,9027.0,0
ACC0024,2026-07-30 12:05:50,4325.78,0.0865156,1578,2,5096.49,2,1,2810.0,0
ACC0025,2026-07-01 20:47:08,1739.01,0.0347802,1781,1,1739.01,1,1,999999.0,0
ACC0025,2026-07-03 06:19:12,265.92,0.0053184,1781,1,265.92,1,1,120724.0,0
ACC0025,2026-07-03 12:53:01,1304.74,0.0260948,1781,1,1304.74,1,1,23629.0,0
ACC0025,2026-07-04 15:56:28,840.24,0.0168048,1781,1,840.24,1,1,97407.0,0
ACC0025,2026-07-05 20:19:10,3899.5,0.07799,1781,1,3899.5,1,1,102162.0,0
ACC0025,2026-07-06 11:38:23,1204.56,0.0240912,1781,1,1204.56,1,1,55153.0,0
ACC0025,2026-07-06 16:07:18,4959.7,0.09919399999999999,1781,1,4959.7,1,1,16135.0,0
ACC0025,2026-07-06 21:31:02,1102.41,0.0220482,1781,1,1102.41,1,1,19424.0,0
ACC0025,2026-07-07 12:30:43,3362.27,0.0672454,1781,1,3362.27,1,1,53981.0,0
ACC0025,2026-07-08 21:31:27,2103.88,0.0420776,1781,1,2103.88,1,1,118844.0,0
ACC0025,2026-07-09 08:51:28,4625.87,0.0925174,1781,1,4625.87,1,1,40801.0,0
ACC0025,2026-07-09 09:33:41,2935.53,0.0587106,1781,2,7561.4,2,1,2533.0,0
ACC0025,2026-07-11 14:26:08,1159.91,0.023198200000000002,1781,1,1159.91,1,1,190347.0,0
ACC0025,2026-07-11 17:14:58,2076.05,0.041521,1781,1,2076.05,1,1,10130.0,0
ACC0025,2026-07-11 20:55:51,1538.06,0.0307612,1781,1,1538.06,1,1,13253.0,0
ACC0025,2026-07-12 13:31:29,3939.58,0.0787916,1781,1,3939.58,1,1,59738.0,0
ACC0025,2026-07-12 17:28:38,362.76,0.0072552,1781,1,362.76,1,1,14229.0,0
ACC0025,2026-07-14 19:24:30,1927.8,0.038556,1781,1,1927.8,1,1,179752.0,0
ACC0025,2026-07-15 18:06:47,1842.71,0.036854200000000004,1781,1,1842.71,1,1,81737.0,0
ACC0025,2026-07-16 13:37:03,2945.37,0.0589074,1781,1,2945.37,1,1,70216.0,0
ACC0025,2026-07-16 14:32:03,1912.57,0.0382514,1781,2,4857.94,2,1,3300.0,0
ACC0025,2026-07-17 20:16:51,3882.03,0.0776406,1781,1,3882.03,1,1,107088.0,0
ACC0025,2026-07-18 07:24:20,416.44,0.0083288,1781,1,416.44,1,1,40049.0,0
ACC0025,2026-07-21 07:52:52,3100.46,0.0620092,1781,1,3100.46,1,1,260912.0,0
ACC0025,2026-07-23 18:33:10,2752.66,0.0550532,1781,1,2752.66,1,1,211218.0,0
ACC0025,2026-07-25 10:44:04,121.05,0.002421,1781,1,121.05,1,1,144654.0,0
ACC0025,2026-07-25 13:19:26,1070.18,0.021403600000000002,1781,1,1070.18,1,1,9322.0,0
ACC0025,2026-07-27 10:45:11,188.82,0.0037764,1781,1,188.82,1,1,163545.0,0
ACC0025,2026-07-28 07:52:08,2938.6,0.058772,1781,1,2938.6,1,1,76017.0,0
ACC0025,2026-07-29 18:15:19,2448.18,0.048963599999999996,1781,1,2448.18,1,1,123791.0,0
ACC0026,2026-07-01 07:50:54,886.21,0.017724200000000002,1879,1,886.21,1,1,999999.0,0
ACC0026,2026-07-01 13:47:33,815.92,0.0163184,1879,1,815.92,1,1,21399.0,0
ACC0026,2026-07-01 17:25:48,3298.07,0.0659614,1879,1,3298.07,1,1,13095.0,0
ACC0026,2026-07-01 18:13:40,3676.3,0.07352600000000001,1879,2,6974.370000000001,2,1,2872.0,0
ACC0026,2026-07-01 21:17:33,1102.86,0.0220572,1879,1,1102.86,1,1,11033.0,0
ACC0026,2026-07-02 16:29:17,9615.4,0.19230799999999998,1879,1,9615.4,1,1,69104.0,0
ACC0026,2026-07-02 20:31:36,1736.55,0.034731,1879,1,1736.55,1,1,14539.0,0
ACC0026,2026-07-03 09:43:44,2057.83,0.0411566,1879,1,2057.83,1,1,47528.0,0
ACC0026,2026-07-03 16:38:58,6175.8,0.123516,1879,1,6175.8,1,1,24914.0,0
ACC0026,2026-07-03 20:54:24,2028.66,0.040573200000000004,1879,1,2028.66,1,1,15326.0,0
ACC0026,2026-07-05 14:25:48,679.64,0.0135928,1879,1,679.64,1,1,149484.0,0
ACC0026,2026-07-06 14:57:36,2646.07,0.0529214,1879,1,2646.07,1,1,88308.0,0
ACC0026,2026-07-08 22:26:55,363.2,0.007264,1879,1,363.2,1,1,199759.0,0
ACC0026,2026-07-09 14:36:52,1998.53,0.0399706,1879,1,1998.53,1,1,58197.0,0
ACC0026,2026-07-09 20:10:04,2012.54,0.040250799999999996,1879,1,2012.54,1,1,19992.0,0
ACC0026,2026-07-10 08:22:50,5464.38,0.1092876,1879,1,5464.38,1,1,43966.0,0
ACC0026,2026-07-10 19:30:59,13124.82,0.2624964,1879,1,13124.82,1,1,40089.0,0
ACC0026,2026-07-11 22:00:01,4810.68,0.09621360000000001,1879,1,4810.68,1,1,95342.0,0
ACC0026,2026-07-12 17:17:47,3656.24,0.07312479999999999,1879,1,3656.24,1,1,69466.0,0
ACC0026,2026-07-12 19:09:13,7799.38,0.1559876,1879,1,7799.38,1,1,6686.0,0
ACC0026,2026-07-14 15:32:53,1439.76,0.0287952,1879,1,1439.76,1,1,159820.0,0
ACC0026,2026-07-15 07:14:51,14241.2,0.284824,1879,1,14241.2,1,1,56518.0,0
ACC0026,2026-07-15 17:28:25,440.26,0.0088052,1879,1,440.26,1,1,36814.0,0
ACC0026,2026-07-17 10:20:08,7488.14,0.1497628,1879,1,7488.14,1,1,147103.0,0
ACC0026,2026-07-19 19:56:29,5407.39,0.1081478,1879,1,5407.39,1,1,207381.0,0
ACC0026,2026-07-20 13:30:31,3330.05,0.06660100000000001,1879,1,3330.05,1,1,63242.0,0
ACC0026,2026-07-20 21:53:11,1841.61,0.036832199999999995,1879,1,1841.61,1,1,30160.0,0
ACC0026,2026-07-21 19:51:00,4792.23,0.09584459999999999,1879,1,4792.23,1,1,79069.0,0
ACC0026,2026-07-22 11:10:45,3762.76,0.07525520000000001,1879,1,3762.76,1,1,55185.0,0
ACC0026,2026-07-23 21:26:16,1426.16,0.028523200000000002,1879,1,1426.16,1,1,123331.0,0
ACC0026,2026-07-24 06:45:37,4931.88,0.0986376,1879,1,4931.88,1,1,33561.0,0
ACC0026,2026-07-24 07:29:44,549.78,0.0109956,1879,2,5481.66,2,1,2647.0,0
ACC0026,2026-07-24 18:23:54,1417.25,0.028345,1879,1,1417.25,1,1,39250.0,0
ACC0026,2026-07-24 19:03:19,2829.1,0.056582,1879,2,4246.35,1,1,2365.0,0
ACC0026,2026-07-24 19:25:15,2301.81,0.0460362,1879,2,5130.91,2,1,1316.0,0
ACC0026,2026-07-25 10:02:28,3013.05,0.060261,1879,1,3013.05,1,1,52633.0,0
ACC0026,2026-07-28 13:40:17,2583.13,0.0516626,1879,1,2583.13,1,1,272269.0,0
ACC0026,2026-07-29 22:13:26,1702.59,0.0340518,1879,1,1702.59,1,1,117189.0,0
ACC0026,2026-07-30 08:14:14,1882.46,0.0376492,1879,1,1882.46,1,1,36048.0,0
ACC0027,2026-07-01 10:16:43,475.46,0.009509199999999999,1248,1,475.46,1,1,999999.0,0
ACC0027,2026-07-05 17:20:33,800.98,0.016019600000000002,1248,1,800.98,1,1,371030.0,0
ACC0027,2026-07-07 21:38:08,1549.93,0.0309986,1248,1,1549.93,1,1,188255.0,0
ACC0027,2026-07-08 22:31:35,9004.53,0.18009060000000002,1248,1,9004.53,1,1,89607.0,0
ACC0027,2026-07-10 11:03:34,3192.13,0.0638426,1248,1,3192.13,1,1,131519.0,0
ACC0027,2026-07-10 19:30:32,328.95,0.006579,1248,1,328.95,1,1,30418.0,0
ACC0027,2026-07-11 07:48:39,1463.31,0.0292662,1248,1,1463.31,1,1,44287.0,0
ACC0027,2026-07-11 13:51:45,1525.57,0.030511399999999998,1248,1,1525.57,1,1,21786.0,0
ACC0027,2026-07-11 18:16:21,3706.06,0.0741212,1248,1,3706.06,1,1,15876.0,0
ACC0027,2026-07-12 11:32:12,549.86,0.0109972,1248,1,549.86,1,1,62151.0,0
ACC0027,2026-07-14 14:09:53,3735.77,0.0747154,1248,1,3735.77,1,1,182261.0,0
ACC0027,2026-07-16 06:13:12,1728.47,0.0345694,1248,1,1728.47,1,1,144199.0,0
ACC0027,2026-07-18 10:40:23,2539.3,0.050786000000000005,1248,1,2539.3,1,1,188831.0,0
ACC0027,2026-07-19 09:20:07,3446.16,0.0689232,1248,1,3446.16,1,1,81584.0,0
ACC0027,2026-07-19 21:21:50,1699.92,0.0339984,1248,1,1699.92,1,1,43303.0,0
ACC0027,2026-07-20 11:55:47,2215.44,0.0443088,1248,1,2215.44,1,1,52437.0,0
ACC0027,2026-07-21 21:34:17,1720.57,0.0344114,1248,1,1720.57,1,1,121110.0,0
ACC0027,2026-07-26 18:00:10,1240.67,0.024813400000000003,1248,1,1240.67,1,1,419153.0,0
ACC0027,2026-07-27 07:11:45,1021.33,0.0204266,1248,1,1021.33,1,1,47495.0,0
ACC0027,2026-07-28 22:36:36,20288.42,0.4057684,1248,1,20288.42,1,1,141891.0,0
ACC0028,2026-07-01 07:09:39,5952.66,0.1190532,739,1,5952.66,1,1,999999.0,0
ACC0028,2026-07-02 13:52:44,2510.59,0.0502118,739,1,2510.59,1,1,110585.0,0
ACC0028,2026-07-02 20:22:43,716.17,0.0143234,739,1,716.17,1,1,23399.0,0
ACC0028,2026-07-02 22:59:34,5177.49,0.1035498,739,1,5177.49,1,1,9411.0,0
ACC0028,2026-07-03 16:28:09,3740.12,0.07480239999999999,739,1,3740.12,1,1,62915.0,0
ACC0028,2026-07-03 20:08:25,1523.17,0.0304634,739,1,1523.17,1,1,13216.0,0
ACC0028,2026-07-08 17:34:54,1374.72,0.027494400000000002,739,1,1374.72,1,1,422789.0,0
ACC0028,2026-07-08 18:32:56,9554.58,0.1910916,739,2,10929.3,2,1,3482.0,0
ACC0028,2026-07-08 20:57:36,6880.04,0.1376008,739,1,6880.04,1,1,8680.0,0
ACC0028,2026-07-09 10:28:43,7096.82,0.1419364,739,1,7096.82,1,1,48667.0,0
ACC0028,2026-07-09 16:12:27,2337.17,0.046743400000000004,739,1,2337.17,1,1,20624.0,0
ACC0028,2026-07-13 07:44:30,1176.77,0.023535399999999998,739,1,1176.77,1,1,315123.0,0
ACC0028,2026-07-13 14:00:05,2560.44,0.0512088,739,1,2560.44,1,1,22535.0,0
ACC0028,2026-07-13 20:52:45,730.01,0.0146002,739,1,730.01,1,1,24760.0,0
ACC0028,2026-07-15 16:27:22,371.69,0.0074338,739,1,371.69,1,1,156877.0,0
ACC0028,2026-07-17 10:00:55,2073.25,0.041465,739,1,2073.25,1,1,149613.0,0
ACC0028,2026-07-18 06:25:47,634.47,0.0126894,739,1,634.47,1,1,73492.0,0
ACC0028,2026-07-18 14:19:24,3188.07,0.06376140000000001,739,1,3188.07,1,1,28417.0,0
ACC0028,2026-07-19 09:39:17,1957.99,0.0391598,739,1,1957.99,1,1,69593.0,0
ACC0028,2026-07-19 22:24:40,1154.83,0.0230966,739,1,1154.83,1,1,45923.0,0
ACC0028,2026-07-21 12:29:29,537.69,0.0107538,739,1,537.69,1,1,137089.0,0
ACC0028,2026-07-23 10:55:25,481.89,0.0096378,739,1,481.89,1,1,167156.0,0
ACC0028,2026-07-23 18:06:57,3708.37,0.0741674,739,1,3708.37,1,1,25892.0,0
ACC0028,2026-07-24 21:11:57,1532.03,0.0306406,739,1,1532.03,1,1,97500.0,0
ACC0028,2026-07-27 16:41:00,1719.05,0.034381,739,1,1719.05,1,1,242943.0,0
ACC0028,2026-07-30 06:49:09,3048.36,0.0609672,739,1,3048.36,1,1,223689.0,0
ACC0029,2026-07-01 15:13:03,1634.71,0.0326942,254,1,1634.71,1,1,999999.0,0
ACC0029,2026-07-01 20:37:46,3645.87,0.0729174,254,1,3645.87,1,1,19483.0,0
ACC0029,2026-07-01 22:25:04,3402.88,0.0680576,254,1,3402.88,1,1,6438.0,0
ACC0029,2026-07-02 15:01:32,1941.07,0.0388214,254,1,1941.07,1,1,59788.0,0
ACC0029,2026-07-03 10:07:19,922.45,0.018449,254,1,922.45,1,1,68747.0,0
ACC0029,2026-07-04 13:17:17,1253.03,0.0250606,254,1,1253.03,1,1,97798.0,0
ACC0029,2026-07-04 16:28:25,847.58,0.0169516,254,1,847.58,1,1,11468.0,0
ACC0029,2026-07-05 22:02:45,874.0,0.01748,254,1,874.0,1,1,106460.0,0
ACC0029,2026-07-06 17:51:38,1513.29,0.0302658,254,1,1513.29,1,1,71333.0,0
ACC0029,2026-07-07 06:57:53,1100.23,0.0220046,254,1,1100.23,1,1,47175.0,0
ACC0029,2026-07-08 17:30:14,506.81,0.0101362,254,1,506.81,1,1,124341.0,0
ACC0029,2026-07-09 14:16:56,1159.66,0.0231932,254,1,1159.66,1,1,74802.0,0
ACC0029,2026-07-09 16:15:13,1694.18,0.0338836,254,1,1694.18,1,1,7097.0,0
ACC0029,2026-07-09 17:42:26,2824.65,0.056493,254,1,2824.65,1,1,5233.0,0
ACC0029,2026-07-10 06:53:40,471.59,0.009431799999999999,254,1,471.59,1,1,47474.0,0
ACC0029,2026-07-13 15:19:16,5380.15,0.10760299999999999,254,1,5380.15,1,1,289536.0,0
ACC0029,2026-07-14 16:40:28,1683.84,0.0336768,254,1,1683.84,1,1,91272.0,0
ACC0029,2026-07-15 08:06:49,283.6,0.005672000000000001,254,1,283.6,1,1,55581.0,0
ACC0029,2026-07-16 13:12:00,536.11,0.0107222,254,1,536.11,1,1,104711.0,0
ACC0029,2026-07-17 19:25:21,10734.59,0.21469180000000002,254,1,10734.59,1,1,108801.0,0
ACC0029,2026-07-19 07:50:49,1523.5,0.03047,254,1,1523.5,1,1,131128.0,0
ACC0029,2026-07-19 18:52:27,1242.91,0.0248582,254,1,1242.91,1,1,39698.0,0
ACC0029,2026-07-20 08:50:39,1720.03,0.034400599999999996,254,1,1720.03,1,1,50292.0,0
ACC0029,2026-07-20 12:52:08,787.01,0.0157402,254,1,787.01,1,1,14489.0,0
ACC0029,2026-07-20 18:48:45,2706.4,0.054128,254,1,2706.4,1,1,21397.0,0
ACC0029,2026-07-20 20:55:56,1450.04,0.0290008,254,1,1450.04,1,1,7631.0,0
ACC0029,2026-07-24 12:30:40,1414.45,0.028289,254,1,1414.45,1,1,315284.0,0
ACC0029,2026-07-24 14:32:41,869.56,0.0173912,254,1,869.56,1,1,7321.0,0
ACC0029,2026-07-24 14:48:51,1339.02,0.0267804,254,2,2208.58,2,1,970.0,0
ACC0029,2026-07-29 09:18:24,1696.37,0.033927399999999996,254,1,1696.37,1,1,412173.0,0
ACC0029,2026-07-29 17:46:25,4248.15,0.084963,254,1,4248.15,1,1,30481.0,0
ACC0030,2026-07-02 06:36:29,1655.85,0.033117,1009,1,1655.85,1,1,999999.0,0
ACC0030,2026-07-03 07:55:11,4299.98,0.0859996,1009,1,4299.98,1,1,91122.0,0
ACC0030,2026-07-03 10:38:24,1970.41,0.039408200000000004,1009,1,1970.41,1,1,9793.0,0
ACC0030,2026-07-05 20:10:12,860.91,0.0172182,1009,1,860.91,1,1,207108.0,0
ACC0030,2026-07-06 07:52:52,278.06,0.0055612,1009,1,278.06,1,1,42160.0,0
ACC0030,2026-07-07 11:57:37,1202.1,0.024041999999999997,1009,1,1202.1,1,1,101085.0,0
ACC0030,2026-07-08 07:02:35,553.49,0.0110698,1009,1,553.49,1,1,68698.0,0
ACC0030,2026-07-09 17:06:03,606.34,0.0121268,1009,1,606.34,1,1,122608.0,0
ACC0030,2026-07-10 08:07:41,3174.35,0.063487,1009,1,3174.35,1,1,54098.0,0
ACC0030,2026-07-11 11:05:25,1107.5,0.02215,1009,1,1107.5,1,1,97064.0,0
ACC0030,2026-07-16 13:04:08,1207.37,0.0241474,1009,1,1207.37,1,1,439123.0,0
ACC0030,2026-07-17 09:54:03,2499.18,0.049983599999999996,1009,1,2499.18,1,1,74995.0,0
ACC0030,2026-07-17 22:31:43,491.85,0.009837,1009,1,491.85,1,1,45460.0,0
ACC0030,2026-07-20 22:39:22,1912.46,0.038249200000000004,1009,1,1912.46,1,1,259659.0,0
ACC0030,2026-07-23 15:12:14,874.93,0.0174986,1009,1,874.93,1,1,232372.0,0
ACC0030,2026-07-24 13:13:08,174.21,0.0034842000000000002,1009,1,174.21,1,1,79254.0,0
ACC0030,2026-07-25 22:52:58,460.3,0.009206,1009,1,460.3,1,1,121190.0,0
ACC0030,2026-07-26 20:19:00,2492.51,0.049850200000000004,1009,1,2492.51,1,1,77162.0,0
ACC0030,2026-07-27 07:50:27,1435.03,0.0287006,1009,1,1435.03,1,1,41487.0,0
ACC0030,2026-07-28 10:18:32,6992.5,0.13985,1009,1,6992.5,1,1,95285.0,0
ACC0030,2026-07-28 16:42:16,366.91,0.0073382000000000005,1009,1,366.91,1,1,23024.0,0
ACC0031,2026-07-02 09:24:18,430.86,0.0086172,1159,1,430.86,1,1,999999.0,0
ACC0031,2026-07-02 22:05:19,1830.81,0.0366162,1159,1,1830.81,1,1,45661.0,0
ACC0031,2026-07-05 10:56:26,3847.78,0.0769556,1159,1,3847.78,1,1,219067.0,0
ACC0031,2026-07-05 14:38:54,2227.53,0.0445506,1159,1,2227.53,1,1,13348.0,0
ACC0031,2026-07-06 11:49:50,782.25,0.015645,1159,1,782.25,1,1,76256.0,0
ACC0031,2026-07-06 19:38:12,1935.46,0.0387092,1159,1,1935.46,1,1,28102.0,0
ACC0031,2026-07-08 11:15:20,1692.24,0.0338448,1159,1,1692.24,1,1,142628.0,0
ACC0031,2026-07-08 21:26:30,1718.85,0.034377,1159,1,1718.85,1,1,36670.0,0
ACC0031,2026-07-08 21:45:28,1736.98,0.0347396,1159,2,3455.83,2,1,1138.0,0
ACC0031,2026-07-09 22:10:40,244.0,0.00488,1159,1,244.0,1,1,87912.0,0
ACC0031,2026-07-13 17:49:19,963.96,0.0192792,1159,1,963.96,1,1,329919.0,0
ACC0031,2026-07-13 22:07:23,3032.04,0.0606408,1159,1,3032.04,1,1,15484.0,0
ACC0031,2026-07-15 18:42:45,809.04,0.0161808,1159,1,809.04,1,1,160522.0,0
ACC0031,2026-07-17 08:08:47,642.44,0.0128488,1159,1,642.44,1,1,134762.0,0
ACC0031,2026-07-17 17:36:25,2471.83,0.0494366,1159,1,2471.83,1,1,34058.0,0
ACC0031,2026-07-17 19:54:52,2286.08,0.0457216,1159,1,2286.08,1,1,8307.0,0
ACC0031,2026-07-19 19:24:26,3925.42,0.0785084,1159,1,3925.42,1,1,170974.0,0
ACC0031,2026-07-24 08:55:27,460.47,0.009209400000000001,1159,1,460.47,1,1,394261.0,0
ACC0031,2026-07-28 10:43:06,587.59,0.011751800000000001,1159,1,587.59,1,1,352059.0,0
ACC0031,2026-07-30 21:17:32,2400.52,0.0480104,1159,1,2400.52,1,1,210866.0,0
ACC0032,2026-07-03 18:03:43,2336.62,0.0467324,103,1,2336.62,1,1,999999.0,0
ACC0032,2026-07-04 11:19:37,2145.13,0.0429026,103,1,2145.13,1,1,62154.0,0
ACC0032,2026-07-05 12:51:57,2596.22,0.051924399999999996,103,1,2596.22,1,1,91940.0,0
ACC0032,2026-07-05 14:20:46,1311.62,0.0262324,103,1,1311.62,1,1,5329.0,0
ACC0032,2026-07-05 22:32:47,689.01,0.0137802,103,1,689.01,1,1,29521.0,0
ACC0032,2026-07-06 13:59:36,1527.02,0.0305404,103,1,1527.02,1,1,55609.0,0
ACC0032,2026-07-06 14:33:47,3252.76,0.06505520000000001,103,2,4779.780000000001,2,1,2051.0,0
ACC0032,2026-07-07 14:20:01,1519.65,0.030393000000000003,103,1,1519.65,1,1,85574.0,0
ACC0032,2026-07-07 18:42:10,1752.23,0.0350446,103,1,1752.23,1,1,15729.0,0
ACC0032,2026-07-07 19:37:03,2125.29,0.042505799999999996,103,2,3877.52,2,1,3293.0,0
ACC0032,2026-07-09 14:47:02,1532.62,0.030652399999999996,103,1,1532.62,1,1,155399.0,0
ACC0032,2026-07-10 13:04:24,1051.95,0.021039000000000002,103,1,1051.95,1,1,80242.0,0
ACC0032,2026-07-10 13:15:03,1921.79,0.0384358,103,2,2973.74,2,1,639.0,0
ACC0032,2026-07-10 18:34:03,4297.62,0.0859524,103,1,4297.62,1,1,19140.0,0
ACC0032,2026-07-11 07:40:27,2309.85,0.046196999999999995,103,1,2309.85,1,1,47184.0,0
ACC0032,2026-07-14 12:32:38,1451.58,0.029031599999999998,103,1,1451.58,1,1,276731.0,0
ACC0032,2026-07-14 16:01:14,1677.8,0.033556,103,1,1677.8,1,1,12516.0,0
ACC0032,2026-07-14 16:16:31,964.48,0.0192896,103,2,2642.2799999999997,2,1,917.0,0
ACC0032,2026-07-15 08:33:20,1117.76,0.0223552,103,1,1117.76,1,1,58609.0,0
ACC0032,2026-07-15 18:18:59,536.04,0.010720799999999999,103,1,536.04,1,1,35139.0,0
ACC0032,2026-07-16 17:40:53,4275.33,0.0855066,103,1,4275.33,1,1,84114.0,0
ACC0032,2026-07-17 20:41:20,5045.19,0.10090379999999999,103,1,5045.19,1,1,97227.0,0
ACC0032,2026-07-18 15:36:50,309.63,0.0061925999999999995,103,1,309.63,1,1,68130.0,0
ACC0032,2026-07-18 19:39:06,1162.92,0.023258400000000002,103,1,1162.92,1,1,14536.0,0
ACC0032,2026-07-18 22:29:14,1922.94,0.0384588,103,1,1922.94,1,1,10208.0,0
ACC0032,2026-07-19 21:07:05,2796.93,0.0559386,103,1,2796.93,1,1,81471.0,0
ACC0032,2026-07-20 07:40:12,830.37,0.0166074,103,1,830.37,1,1,37987.0,0
ACC0032,2026-07-21 07:36:01,3927.48,0.0785496,103,1,3927.48,1,1,86149.0,0
ACC0032,2026-07-21 09:40:03,1862.8,0.037256,103,1,1862.8,1,1,7442.0,0
ACC0032,2026-07-23 07:33:34,5579.99,0.1115998,103,1,5579.99,1,1,165211.0,0
ACC0032,2026-07-23 18:41:14,950.72,0.0190144,103,1,950.72,1,1,40060.0,0
ACC0032,2026-07-26 11:04:11,868.2,0.017364,103,1,868.2,1,1,231777.0,0
ACC0032,2026-07-28 09:18:00,2583.02,0.0516604,103,1,2583.02,1,1,166429.0,0
ACC0033,2026-07-01 20:27:32,1562.26,0.0312452,1509,1,1562.26,1,1,999999.0,0
ACC0033,2026-07-03 22:49:08,2404.56,0.0480912,1509,1,2404.56,1,1,181296.0,0
ACC0033,2026-07-05 18:25:15,1986.88,0.039737600000000005,1509,1,1986.88,1,1,156967.0,0
ACC0033,2026-07-06 22:11:36,319.48,0.0063896000000000005,1509,1,319.48,1,1,99981.0,0
ACC0033,2026-07-07 08:09:11,781.44,0.0156288,1509,1,781.44,1,1,35855.0,0
ACC0033,2026-07-08 17:04:50,2594.63,0.051892600000000004,1509,1,2594.63,1,1,118539.0,0
ACC0033,2026-07-12 22:55:16,477.4,0.009548,1509,1,477.4,1,1,366626.0,0
ACC0033,2026-07-13 13:16:30,470.84,0.0094168,1509,1,470.84,1,1,51674.0,0
ACC0033,2026-07-15 06:45:30,5226.61,0.10453219999999999,1509,1,5226.61,1,1,149340.0,0
ACC0033,2026-07-15 14:19:25,649.2,0.012984,1509,1,649.2,1,1,27235.0,0
ACC0033,2026-07-17 14:24:56,1084.77,0.0216954,1509,1,1084.77,1,1,173131.0,0
ACC0033,2026-07-17 17:58:00,824.13,0.0164826,1509,1,824.13,1,1,12784.0,0
ACC0033,2026-07-17 19:42:51,747.91,0.0149582,1509,1,747.91,1,1,6291.0,0
ACC0033,2026-07-19 19:07:02,438.34,0.0087668,1509,1,438.34,1,1,170651.0,0
ACC0033,2026-07-21 21:59:12,2696.0,0.05392,1509,1,2696.0,1,1,183130.0,0
ACC0033,2026-07-22 08:35:59,2400.15,0.048003000000000004,1509,1,2400.15,1,1,38207.0,0
ACC0033,2026-07-22 09:05:15,15088.3,0.301766,1509,2,17488.45,2,1,1756.0,0
ACC0033,2026-07-22 16:31:48,662.94,0.013258800000000001,1509,1,662.94,1,1,26793.0,0
ACC0033,2026-07-23 14:15:42,805.05,0.016101,1509,1,805.05,1,1,78234.0,0
ACC0033,2026-07-24 18:00:12,15064.27,0.3012854,1509,1,15064.27,1,1,99870.0,0
ACC0033,2026-07-25 11:46:56,4392.73,0.08785459999999999,1509,1,4392.73,1,1,64004.0,0
ACC0033,2026-07-27 16:26:56,1603.45,0.032069,1509,1,1603.45,1,1,189600.0,0
ACC0033,2026-07-27 20:47:13,1870.91,0.0374182,1509,1,1870.91,1,1,15617.0,0
ACC0033,2026-07-29 18:23:35,2914.37,0.058287399999999996,1509,1,2914.37,1,1,164182.0,0
ACC0033,2026-07-30 16:40:03,3110.43,0.062208599999999996,1509,1,3110.43,1,1,80188.0,0
ACC0034,2026-07-01 06:07:40,3431.61,0.0686322,1645,1,3431.61,1,1,999999.0,0
ACC0034,2026-07-01 06:47:30,2217.97,0.04435939999999999,1645,2,5649.58,2,1,2390.0,0
ACC0034,2026-07-02 18:20:56,773.93,0.015478599999999999,1645,1,773.93,1,1,128006.0,0
ACC0034,2026-07-03 18:31:26,2257.77,0.0451554,1645,1,2257.77,1,1,87030.0,0
ACC0034,2026-07-04 07:41:39,965.53,0.0193106,1645,1,965.53,1,1,47413.0,0
ACC0034,2026-07-07 10:41:51,1172.12,0.0234424,1645,1,1172.12,1,1,270012.0,0
ACC0034,2026-07-10 14:37:44,4822.62,0.0964524,1645,1,4822.62,1,1,273353.0,0
ACC0034,2026-07-10 21:39:53,8193.83,0.1638766,1645,1,8193.83,1,1,25329.0,0
ACC0034,2026-07-12 14:46:35,1133.66,0.0226732,1645,1,1133.66,1,1,148002.0,0
ACC0034,2026-07-15 06:17:52,1121.47,0.022429400000000002,1645,1,1121.47,1,1,228677.0,0
ACC0034,2026-07-17 08:56:35,1504.01,0.0300802,1645,1,1504.01,1,1,182323.0,0
ACC0034,2026-07-20 18:11:43,2682.75,0.053655,1645,1,2682.75,1,1,292508.0,0
ACC0034,2026-07-21 14:46:19,3890.08,0.0778016,1645,1,3890.08,1,1,74076.0,0
ACC0034,2026-07-23 07:50:30,693.35,0.013867,1645,1,693.35,1,1,147851.0,0
ACC0034,2026-07-26 08:45:15,885.25,0.017705,1645,1,885.25,1,1,262485.0,0
ACC0034,2026-07-26 08:49:43,1137.12,0.0227424,1645,2,2022.37,2,1,268.0,0
ACC0034,2026-07-27 11:09:50,6511.56,0.13023120000000002,1645,1,6511.56,1,1,94807.0,0
ACC0034,2026-07-27 12:32:26,1162.29,0.0232458,1645,1,1162.29,1,1,4956.0,0
ACC0034,2026-07-28 18:30:01,934.96,0.0186992,1645,1,934.96,1,1,107855.0,0
ACC0034,2026-07-29 20:45:09,1826.66,0.0365332,1645,1,1826.66,1,1,94508.0,0
ACC0034,2026-07-29 21:35:33,1160.53,0.023210599999999998,1645,2,2987.19,2,1,3024.0,0
ACC0035,2026-07-01 06:57:18,711.07,0.0142214,1015,1,711.07,1,1,999999.0,0
ACC0035,2026-07-01 15:11:34,883.72,0.0176744,1015,1,883.72,1,1,29656.0,0
ACC0035,2026-07-02 07:22:44,2898.68,0.0579736,1015,1,2898.68,1,1,58270.0,0
ACC0035,2026-07-05 20:23:14,549.01,0.010980199999999999,1015,1,549.01,1,1,306030.0,0
ACC0035,2026-07-06 13:02:16,3220.63,0.0644126,1015,1,3220.63,1,1,59942.0,0
ACC0035,2026-07-07 14:29:17,5551.28,0.11102559999999999,1015,1,5551.28,1,1,91621.0,0
ACC0035,2026-07-07 21:33:06,1861.32,0.0372264,1015,1,1861.32,1,1,25429.0,0
ACC0035,2026-07-08 11:31:14,2716.58,0.0543316,1015,1,2716.58,1,1,50288.0,0
ACC0035,2026-07-08 20:34:58,2587.53,0.0517506,1015,1,2587.53,1,1,32624.0,0
ACC0035,2026-07-09 15:18:02,1976.21,0.0395242,1015,1,1976.21,1,1,67384.0,0
ACC0035,2026-07-09 17:24:21,853.46,0.0170692,1015,1,853.46,1,1,7579.0,0
ACC0035,2026-07-10 08:51:09,12767.94,0.2553588,1015,1,12767.94,1,1,55608.0,0
ACC0035,2026-07-16 10:01:38,2830.79,0.0566158,1015,1,2830.79,1,1,522629.0,0
ACC0035,2026-07-16 22:59:53,1249.25,0.024985,1015,1,1249.25,1,1,46695.0,0
ACC0035,2026-07-17 07:39:22,3774.96,0.0754992,1015,1,3774.96,1,1,31169.0,0
ACC0035,2026-07-19 20:25:58,10630.78,0.21261560000000002,1015,1,10630.78,1,1,218796.0,0
ACC0035,2026-07-19 20:47:42,397.91,0.0079582,1015,2,11028.69,2,2,1304.0,0
ACC0035,2026-07-20 10:19:46,12641.78,0.2528356,1015,1,12641.78,1,1,48724.0,0
ACC0035,2026-07-20 19:32:59,905.05,0.018101,1015,1,905.05,1,1,33193.0,0
ACC0035,2026-07-21 22:44:06,3330.91,0.0666182,1015,1,3330.91,1,1,97867.0,0
ACC0035,2026-07-22 22:28:01,2169.8,0.043396000000000004,1015,1,2169.8,1,1,85435.0,0
ACC0035,2026-07-23 19:26:01,565.72,0.0113144,1015,1,565.72,1,1,75480.0,0
ACC0035,2026-07-24 19:27:00,1136.36,0.0227272,1015,1,1136.36,1,1,86459.0,0
ACC0035,2026-07-29 08:35:06,1710.47,0.0342094,1015,1,1710.47,1,1,392886.0,0
ACC0035,2026-07-29 12:51:11,1135.03,0.022700599999999998,1015,1,1135.03,1,1,15365.0,0
ACC0035,2026-07-29 18:35:46,1665.16,0.033303200000000005,1015,1,1665.16,1,1,20675.0,0
ACC0036,2026-07-01 17:46:38,662.56,0.0132512,504,1,662.56,1,1,999999.0,0
ACC0036,2026-07-02 14:30:30,1497.06,0.029941199999999998,504,1,1497.06,1,1,74632.0,0
ACC0036,2026-07-03 13:51:42,345.37,0.0069074,504,1,345.37,1,1,84072.0,0
ACC0036,2026-07-08 06:11:01,12184.85,0.243697,504,1,12184.85,1,1,404359.0,0
ACC0036,2026-07-09 08:21:31,4097.25,0.081945,504,1,4097.25,1,1,94230.0,0
ACC0036,2026-07-13 10:07:43,208.88,0.0041776,504,1,208.88,1,1,351972.0,0
ACC0036,2026-07-13 10:09:44,7334.66,0.1466932,504,2,7543.54,2,1,121.0,0
ACC0036,2026-07-13 14:40:14,2000.81,0.0400162,504,1,2000.81,1,1,16230.0,0
ACC0036,2026-07-17 10:00:16,21358.31,0.42716620000000005,504,1,21358.31,1,1,328802.0,0
ACC0036,2026-07-17 12:01:22,1412.5,0.02825,504,1,1412.5,1,1,7266.0,0
ACC0036,2026-07-19 15:39:58,1016.62,0.0203324,504,1,1016.62,1,1,185916.0,0
ACC0036,2026-07-20 15:55:34,5357.89,0.10715780000000001,504,1,5357.89,1,1,87336.0,0
ACC0036,2026-07-21 20:09:42,3097.96,0.0619592,504,1,3097.96,1,1,101648.0,0
ACC0036,2026-07-22 09:18:49,798.7,0.015974000000000002,504,1,798.7,1,1,47347.0,0
ACC0036,2026-07-23 07:30:25,2668.59,0.053371800000000004,504,1,2668.59,1,1,79896.0,0
ACC0036,2026-07-23 16:04:40,10781.86,0.2156372,504,1,10781.86,1,1,30855.0,0
ACC0036,2026-07-23 20:44:58,2339.51,0.046790200000000004,504,1,2339.51,1,1,16818.0,0
ACC0036,2026-07-24 21:51:14,2274.21,0.0454842,504,1,2274.21,1,1,90376.0,0
ACC0036,2026-07-26 06:12:24,9835.62,0.1967124,504,1,9835.62,1,1,116470.0,0
ACC0036,2026-07-26 13:12:10,10504.38,0.21008759999999999,504,1,10504.38,1,1,25186.0,0
ACC0036,2026-07-28 13:37:20,685.52,0.0137104,504,1,685.52,1,1,174310.0,0
ACC0036,2026-07-29 17:21:41,210.11,0.0042022000000000006,504,1,210.11,1,1,99861.0,0
ACC0036,2026-07-30 20:25:18,896.91,0.017938199999999998,504,1,896.91,1,1,97417.0,0
ACC0036,2026-07-30 21:13:43,408.28,0.0081656,504,2,1305.19,2,1,2905.0,0
ACC0037,2026-07-04 11:32:16,5111.53,0.10223059999999999,202,1,5111.53,1,1,999999.0,0
ACC0037,2026-07-05 20:20:03,2183.56,0.0436712,202,1,2183.56,1,1,118067.0,0
ACC0037,2026-07-06 09:32:12,2416.64,0.048332799999999995,202,1,2416.64,1,1,47529.0,0
ACC0037,2026-07-06 13:02:20,1794.13,0.0358826,202,1,1794.13,1,1,12608.0,0
ACC0037,2026-07-07 21:11:12,597.9,0.011958,202,1,597.9,1,1,115732.0,0
ACC0037,2026-07-08 09:50:33,2374.0,0.04748,202,1,2374.0,1,1,45561.0,0
ACC0037,2026-07-09 07:06:59,6265.6,0.125312,202,1,6265.6,1,1,76586.0,0
ACC0037,2026-07-09 08:39:25,1846.78,0.0369356,202,1,1846.78,1,1,5546.0,0
ACC0037,2026-07-09 17:49:54,918.24,0.0183648,202,1,918.24,1,1,33029.0,0
ACC0037,2026-07-10 11:23:52,3989.81,0.0797962,202,1,3989.81,1,1,63238.0,0
ACC0037,2026-07-10 13:34:06,10732.57,0.2146514,202,1,10732.57,1,1,7814.0,0
ACC0037,2026-07-11 13:18:59,1330.47,0.026609400000000002,202,1,1330.47,1,1,85493.0,0
ACC0037,2026-07-14 17:40:08,1440.19,0.0288038,202,1,1440.19,1,1,274869.0,0
ACC0037,2026-07-15 06:20:45,736.36,0.014727200000000001,202,1,736.36,1,1,45637.0,0
ACC0037,2026-07-15 11:20:01,9340.94,0.1868188,202,1,9340.94,1,1,17956.0,0
ACC0037,2026-07-15 17:04:47,83.68,0.0016736000000000001,202,1,83.68,1,1,20686.0,0
ACC0037,2026-07-16 13:43:47,736.55,0.014731,202,1,736.55,1,1,74340.0,0
ACC0037,2026-07-16 20:46:43,2800.84,0.056016800000000005,202,1,2800.84,1,1,25376.0,0
ACC0037,2026-07-17 11:52:22,8116.07,0.1623214,202,1,8116.07,1,1,54339.0,0
ACC0037,2026-07-17 17:25:24,1270.17,0.025403400000000003,202,1,1270.17,1,1,19982.0,0
ACC0037,2026-07-17 21:46:28,6555.54,0.1311108,202,1,6555.54,1,1,15664.0,0
ACC0037,2026-07-18 19:05:30,1510.32,0.030206399999999998,202,1,1510.32,1,1,76742.0,0
ACC0037,2026-07-19 11:28:47,1349.24,0.0269848,202,1,1349.24,1,1,58997.0,0
ACC0037,2026-07-20 11:25:35,5887.15,0.11774299999999999,202,1,5887.15,1,1,86208.0,0
ACC0037,2026-07-20 13:26:11,1889.63,0.0377926,202,1,1889.63,1,1,7236.0,0
ACC0037,2026-07-20 13:54:26,3854.97,0.0770994,202,2,5744.6,2,1,1695.0,0
ACC0037,2026-07-20 16:46:04,2185.59,0.0437118,202,1,2185.59,1,1,10298.0,0
ACC0037,2026-07-22 10:15:03,578.14,0.0115628,202,1,578.14,1,1,149339.0,0
ACC0037,2026-07-23 11:24:54,1184.79,0.0236958,202,1,1184.79,1,1,90591.0,0
ACC0037,2026-07-25 21:54:22,9498.58,0.1899716,202,1,9498.58,1,1,210568.0,0
ACC0037,2026-07-26 06:20:07,3264.57,0.0652914,202,1,3264.57,1,1,30345.0,0
ACC0037,2026-07-27 06:13:27,1934.21,0.0386842,202,1,1934.21,1,1,86000.0,0
ACC0037,2026-07-27 07:13:02,1053.86,0.021077199999999997,202,2,2988.0699999999997,2,1,3575.0,0
ACC0037,2026-07-28 12:52:55,643.33,0.0128666,202,1,643.33,1,1,106793.0,0
ACC0037,2026-07-29 15:01:21,556.8,0.011135999999999998,202,1,556.8,1,1,94106.0,0
ACC0038,2026-07-02 16:15:23,2770.66,0.055413199999999996,437,1,2770.66,1,1,999999.0,0
ACC0038,2026-07-03 22:00:47,1662.67,0.0332534,437,1,1662.67,1,1,107124.0,0
ACC0038,2026-07-05 07:45:16,702.8,0.014055999999999999,437,1,702.8,1,1,121469.0,0
ACC0038,2026-07-07 17:59:55,3187.43,0.0637486,437,1,3187.43,1,1,209679.0,0
ACC0038,2026-07-09 22:57:52,6663.03,0.1332606,437,1,6663.03,1,1,190677.0,0
ACC0038,2026-07-10 11:08:08,823.03,0.0164606,437,1,823.03,1,1,43816.0,0
ACC0038,2026-07-13 06:45:16,3159.66,0.06319319999999999,437,1,3159.66,1,1,243428.0,0
ACC0038,2026-07-13 09:10:59,6774.43,0.13548860000000001,437,1,6774.43,1,1,8743.0,0
ACC0038,2026-07-14 20:33:45,604.62,0.0120924,437,1,604.62,1,1,127366.0,0
ACC0038,2026-07-15 13:02:18,969.49,0.0193898,437,1,969.49,1,1,59313.0,0
ACC0038,2026-07-15 18:04:24,501.12,0.0100224,437,1,501.12,1,1,18126.0,0
ACC0038,2026-07-16 09:14:43,3700.4,0.074008,437,1,3700.4,1,1,54619.0,0
ACC0038,2026-07-16 12:34:10,999.32,0.0199864,437,1,999.32,1,1,11967.0,0
ACC0038,2026-07-16 14:23:56,859.95,0.017199000000000002,437,1,859.95,1,1,6586.0,0
ACC0038,2026-07-17 12:42:58,2364.59,0.0472918,437,1,2364.59,1,1,80342.0,0
ACC0038,2026-07-17 15:21:42,3995.19,0.0799038,437,1,3995.19,1,1,9524.0,0
ACC0038,2026-07-18 09:58:24,1275.91,0.0255182,437,1,1275.91,1,1,67002.0,0
ACC0038,2026-07-19 09:35:05,2769.57,0.0553914,437,1,2769.57,1,1,85001.0,0
ACC0038,2026-07-20 18:10:19,1008.76,0.0201752,437,1,1008.76,1,1,117314.0,0
ACC0038,2026-07-21 12:00:49,1263.94,0.0252788,437,1,1263.94,1,1,64230.0,0
ACC0038,2026-07-23 20:26:25,730.35,0.014607,437,1,730.35,1,1,203136.0,0
ACC0038,2026-07-25 10:23:00,2314.86,0.046297200000000004,437,1,2314.86,1,1,136595.0,0
ACC0038,2026-07-25 17:25:08,2502.01,0.05004020000000001,437,1,2502.01,1,1,25328.0,0
ACC0038,2026-07-26 12:43:04,1350.49,0.0270098,437,1,1350.49,1,1,69476.0,0
ACC0038,2026-07-28 07:07:56,1801.38,0.0360276,437,1,1801.38,1,1,152692.0,0
ACC0038,2026-07-28 16:01:33,4077.57,0.08155140000000001,437,1,4077.57,1,1,32017.0,0
ACC0038,2026-07-28 21:06:35,2327.27,0.0465454,437,1,2327.27,1,1,18302.0,0
ACC0038,2026-07-28 21:17:16,1628.17,0.0325634,437,2,3955.44,2,1,641.0,0
ACC0038,2026-07-30 13:55:38,314.66,0.0062932000000000005,437,1,314.66,1,1,146302.0,0
ACC0039,2026-07-05 07:41:50,5217.4,0.104348,737,1,5217.4,1,1,999999.0,0
ACC0039,2026-07-07 10:28:26,127.71,0.0025542,737,1,127.71,1,1,182796.0,0
ACC0039,2026-07-08 09:28:03,1426.5,0.02853,737,1,1426.5,1,1,82777.0,0
ACC0039,2026-07-08 21:42:47,1683.37,0.0336674,737,1,1683.37,1,1,44084.0,0
ACC0039,2026-07-09 21:10:53,6168.99,0.1233798,737,1,6168.99,1,1,84486.0,0
ACC0039,2026-07-10 15:20:52,381.18,0.0076236,737,1,381.18,1,1,65399.0,0
ACC0039,2026-07-11 12:44:07,749.41,0.0149882,737,1,749.41,1,1,76995.0,0
ACC0039,2026-07-11 12:54:56,3763.31,0.0752662,737,2,4512.72,2,1,649.0,0
ACC0039,2026-07-11 13:13:47,13110.91,0.2622182,737,3,17623.63,3,1,1131.0,0
ACC0039,2026-07-12 12:59:23,1155.79,0.0231158,737,1,1155.79,1,1,85536.0,0
ACC0039,2026-07-16 09:39:29,1139.18,0.0227836,737,1,1139.18,1,1,333606.0,0
ACC0039,2026-07-16 14:45:51,987.69,0.019753800000000002,737,1,987.69,1,1,18382.0,0
ACC0039,2026-07-16 15:52:39,2720.83,0.054416599999999996,737,1,2720.83,1,1,4008.0,0
ACC0039,2026-07-17 10:29:37,1228.21,0.0245642,737,1,1228.21,1,1,67018.0,0
ACC0039,2026-07-18 19:48:39,943.48,0.0188696,737,1,943.48,1,1,119942.0,0
ACC0039,2026-07-18 20:22:03,3231.24,0.0646248,737,2,4174.719999999999,2,2,2004.0,0
ACC0039,2026-07-18 20:43:58,2153.43,0.0430686,737,3,6328.15,3,1,1315.0,0
ACC0039,2026-07-18 21:31:33,923.05,0.018460999999999998,737,2,3076.4799999999996,2,1,2855.0,0
ACC0039,2026-07-19 10:44:37,6527.93,0.1305586,737,1,6527.93,1,1,47584.0,0
ACC0039,2026-07-21 07:21:40,867.71,0.0173542,737,1,867.71,1,1,160623.0,0
ACC0039,2026-07-21 09:56:14,609.41,0.0121882,737,1,609.41,1,1,9274.0,0
ACC0039,2026-07-22 08:03:29,2706.98,0.0541396,737,1,2706.98,1,1,79635.0,0
ACC0039,2026-07-22 11:00:00,389.13,0.0077826,737,1,389.13,1,1,10591.0,0
ACC0039,2026-07-23 06:37:37,4457.61,0.08915219999999999,737,1,4457.61,1,1,70657.0,0
ACC0039,2026-07-24 08:19:41,1852.98,0.0370596,737,1,1852.98,1,1,92524.0,0
ACC0039,2026-07-26 13:03:27,310.44,0.0062087999999999996,737,1,310.44,1,1,189826.0,0
ACC0039,2026-07-27 11:54:06,417.43,0.0083486,737,1,417.43,1,1,82239.0,0
ACC0039,2026-07-28 11:47:09,366.52,0.0073304,737,1,366.52,1,1,85983.0,0
ACC0040,2026-07-01 15:36:20,4614.55,0.092291,535,1,4614.55,1,1,999999.0,0
ACC0040,2026-07-04 19:38:09,1052.25,0.021045,535,1,1052.25,1,1,273709.0,0
ACC0040,2026-07-06 12:12:14,8890.41,0.1778082,535,1,8890.41,1,1,146045.0,0
ACC0040,2026-07-06 17:46:41,1368.72,0.0273744,535,1,1368.72,1,1,20067.0,0
ACC0040,2026-07-06 22:43:45,3163.3,0.063266,535,1,3163.3,1,1,17824.0,0
ACC0040,2026-07-07 14:47:29,769.06,0.0153812,535,1,769.06,1,1,57824.0,0
ACC0040,2026-07-07 16:55:22,6343.33,0.1268666,535,1,6343.33,1,1,7673.0,0
ACC0040,2026-07-08 16:19:38,1940.28,0.0388056,535,1,1940.28,1,1,84256.0,0
ACC0040,2026-07-09 13:19:43,14857.21,0.29714419999999997,535,1,14857.21,1,1,75605.0,0
ACC0040,2026-07-10 06:51:51,1082.47,0.0216494,535,1,1082.47,1,1,63128.0,0
ACC0040,2026-07-10 11:36:14,2982.34,0.0596468,535,1,2982.34,1,1,17063.0,0
ACC0040,2026-07-11 09:09:10,2395.16,0.0479032,535,1,2395.16,1,1,77576.0,0
ACC0040,2026-07-11 09:33:53,2002.82,0.0400564,535,2,4397.98,2,1,1483.0,0
ACC0040,2026-07-14 10:09:59,2180.13,0.043602600000000005,535,1,2180.13,1,1,261366.0,0
ACC0040,2026-07-15 22:09:38,5555.59,0.1111118,535,1,5555.59,1,1,129579.0,0
ACC0040,2026-07-17 13:29:33,5201.02,0.10402040000000001,535,1,5201.02,1,1,141595.0,0
ACC0040,2026-07-18 15:16:03,10213.12,0.2042624,535,1,10213.12,1,1,92790.0,0
ACC0040,2026-07-19 16:30:03,2337.37,0.046747399999999995,535,1,2337.37,1,1,90840.0,0
ACC0040,2026-07-19 21:18:26,696.75,0.013935,535,1,696.75,1,1,17303.0,0
ACC0040,2026-07-20 14:58:37,848.18,0.0169636,535,1,848.18,1,1,63611.0,0
ACC0040,2026-07-22 10:30:22,7223.25,0.144465,535,1,7223.25,1,1,156705.0,0
ACC0040,2026-07-26 13:56:30,5596.91,0.1119382,535,1,5596.91,1,1,357968.0,0
ACC0040,2026-07-28 12:29:28,292.38,0.0058476,535,1,292.38,1,1,167578.0,0
ACC0040,2026-07-28 18:50:10,215.94,0.0043188,535,1,215.94,1,1,22842.0,0
ACC0041,2026-07-01 09:33:49,3170.55,0.06341100000000001,863,1,3170.55,1,1,999999.0,0
ACC0041,2026-07-01 16:44:49,2199.13,0.043982600000000004,863,1,2199.13,1,1,25860.0,0
ACC0041,2026-07-01 19:17:34,428.9,0.008577999999999999,863,1,428.9,1,1,9165.0,0
ACC0041,2026-07-02 08:25:36,1102.6,0.022052,863,1,1102.6,1,1,47282.0,0
ACC0041,2026-07-03 07:07:01,1692.85,0.033857,863,1,1692.85,1,1,81685.0,0
ACC0041,2026-07-04 19:56:03,5310.7,0.106214,863,1,5310.7,1,1,132542.0,0
ACC0041,2026-07-09 15:18:06,1900.25,0.038005,863,1,1900.25,1,1,415323.0,0
ACC0041,2026-07-11 08:39:13,2445.59,0.048911800000000005,863,1,2445.59,1,1,148867.0,0
ACC0041,2026-07-11 15:34:02,900.85,0.018017000000000002,863,1,900.85,1,1,24889.0,0
ACC0041,2026-07-11 19:55:30,368.47,0.007369400000000001,863,1,368.47,1,1,15688.0,0
ACC0041,2026-07-13 09:20:50,1188.87,0.023777399999999997,863,1,1188.87,1,1,134720.0,0
ACC0041,2026-07-13 15:19:44,549.73,0.0109946,863,1,549.73,1,1,21534.0,0
ACC0041,2026-07-13 20:04:53,1211.21,0.0242242,863,1,1211.21,1,1,17109.0,0
ACC0041,2026-07-13 22:30:31,440.74,0.0088148,863,1,440.74,1,1,8738.0,0
ACC0041,2026-07-14 14:39:13,274.16,0.005483200000000001,863,1,274.16,1,1,58122.0,0
ACC0041,2026-07-14 19:16:03,131.08,0.0026216000000000004,863,1,131.08,1,1,16610.0,0
ACC0041,2026-07-16 13:19:31,6323.6,0.126472,863,1,6323.6,1,1,151408.0,0
ACC0041,2026-07-17 11:58:59,3688.77,0.0737754,863,1,3688.77,1,1,81568.0,0
ACC0041,2026-07-20 20:24:36,587.49,0.0117498,863,1,587.49,1,1,289537.0,0
ACC0041,2026-07-21 12:17:44,296.42,0.0059284,863,1,296.42,1,1,57188.0,0
ACC0041,2026-07-23 08:53:02,2749.57,0.0549914,863,1,2749.57,1,1,160518.0,0
ACC0041,2026-07-23 20:37:42,4464.0,0.08928,863,1,4464.0,1,1,42280.0,0
ACC0041,2026-07-24 06:30:58,870.69,0.0174138,863,1,870.69,1,1,35596.0,0
ACC0041,2026-07-25 08:51:19,633.7,0.012674000000000001,863,1,633.7,1,1,94821.0,0
ACC0041,2026-07-25 12:35:00,1224.39,0.0244878,863,1,1224.39,1,1,13421.0,0
ACC0041,2026-07-26 18:07:09,4406.83,0.0881366,863,1,4406.83,1,1,106329.0,0
ACC0041,2026-07-26 21:18:34,1345.77,0.0269154,863,1,1345.77,1,1,11485.0,0
ACC0041,2026-07-28 09:32:59,6240.71,0.1248142,863,1,6240.71,1,1,130465.0,0
ACC0041,2026-07-28 22:40:26,1721.85,0.034436999999999995,863,1,1721.85,1,1,47247.0,0
ACC0041,2026-07-29 08:17:27,4221.1,0.08442200000000001,863,1,4221.1,1,1,34621.0,0
ACC0041,2026-07-30 07:53:27,6665.71,0.1333142,863,1,6665.71,1,1,84960.0,0
ACC0041,2026-07-30 22:03:20,954.73,0.0190946,863,1,954.73,1,1,50993.0,0
ACC0042,2026-07-02 19:26:56,751.63,0.0150326,1746,1,751.63,1,1,999999.0,0
ACC0042,2026-07-03 09:05:14,1875.37,0.037507399999999996,1746,1,1875.37,1,1,49098.0,0
ACC0042,2026-07-03 09:24:19,1236.57,0.024731399999999997,1746,2,3111.9399999999996,2,1,1145.0,0
ACC0042,2026-07-04 16:33:16,9381.48,0.18762959999999998,1746,1,9381.48,1,1,112137.0,0
ACC0042,2026-07-04 16:43:11,1429.43,0.028588600000000002,1746,2,10810.91,2,1,595.0,0
ACC0042,2026-07-05 11:54:15,890.87,0.0178174,1746,1,890.87,1,1,69064.0,0
ACC0042,2026-07-08 06:30:25,435.88,0.0087176,1746,1,435.88,1,1,239770.0,0
ACC0042,2026-07-09 19:05:28,7956.43,0.1591286,1746,1,7956.43,1,1,131703.0,0
ACC0042,2026-07-10 06:48:26,2352.95,0.047059,1746,1,2352.95,1,1,42178.0,0
ACC0042,2026-07-11 16:21:25,1831.8,0.036636,1746,1,1831.8,1,1,120779.0,0
ACC0042,2026-07-11 22:39:19,1308.61,0.0261722,1746,1,1308.61,1,1,22674.0,0
ACC0042,2026-07-12 21:50:22,2889.59,0.057791800000000004,1746,1,2889.59,1,1,83463.0,0
ACC0042,2026-07-13 21:52:07,1113.54,0.0222708,1746,1,1113.54,1,1,86505.0,0
ACC0042,2026-07-14 22:39:52,8824.27,0.17648540000000001,1746,1,8824.27,1,1,89265.0,0
ACC0042,2026-07-15 12:22:59,490.77,0.0098154,1746,1,490.77,1,1,49387.0,0
ACC0042,2026-07-17 18:44:10,7004.45,0.140089,1746,1,7004.45,1,1,195671.0,0
ACC0042,2026-07-18 11:18:58,946.45,0.018929,1746,1,946.45,1,1,59688.0,0
ACC0042,2026-07-19 09:46:06,1714.3,0.034286,1746,1,1714.3,1,1,80828.0,0
ACC0042,2026-07-23 20:18:30,2157.68,0.04315359999999999,1746,1,2157.68,1,1,383544.0,0
ACC0042,2026-07-27 13:32:51,602.17,0.0120434,1746,1,602.17,1,1,321261.0,0
ACC0042,2026-07-28 22:35:16,3738.34,0.07476680000000001,1746,1,3738.34,1,1,118945.0,0
ACC0042,2026-07-29 10:50:05,14182.53,0.28365060000000003,1746,1,14182.53,1,1,44089.0,0
ACC0043,2026-07-01 12:45:19,2508.9,0.050178,1495,1,2508.9,1,1,999999.0,0
ACC0043,2026-07-02 20:51:21,4614.54,0.0922908,1495,1,4614.54,1,1,115562.0,0
ACC0043,2026-07-03 08:55:36,1451.52,0.0290304,1495,1,1451.52,1,1,43455.0,0
ACC0043,2026-07-05 08:20:35,709.29,0.014185799999999998,1495,1,709.29,1,1,170699.0,0
ACC0043,2026-07-05 10:26:09,415.85,0.008317,1495,1,415.85,1,1,7534.0,0
ACC0043,2026-07-06 11:41:43,475.36,0.0095072,1495,1,475.36,1,1,90934.0,0
ACC0043,2026-07-08 10:52:20,1167.91,0.023358200000000003,1495,1,1167.91,1,1,169837.0,0
ACC0043,2026-07-09 14:54:24,2675.96,0.0535192,1495,1,2675.96,1,1,100924.0,0
ACC0043,2026-07-09 18:34:50,826.55,0.016531,1495,1,826.55,1,1,13226.0,0
ACC0043,2026-07-09 18:45:44,4562.58,0.0912516,1495,2,5389.13,2,1,654.0,0
ACC0043,2026-07-11 11:25:39,4306.48,0.08612959999999999,1495,1,4306.48,1,1,146395.0,0
ACC0043,2026-07-11 14:53:25,2529.67,0.050593400000000004,1495,1,2529.67,1,1,12466.0,0
ACC0043,2026-07-11 16:01:04,966.73,0.0193346,1495,1,966.73,1,1,4059.0,0
ACC0043,2026-07-11 17:46:54,1372.91,0.027458200000000002,1495,1,1372.91,1,1,6350.0,0
ACC0043,2026-07-12 14:59:49,5192.42,0.10384840000000001,1495,1,5192.42,1,1,76375.0,0
ACC0043,2026-07-12 19:02:49,898.96,0.0179792,1495,1,898.96,1,1,14580.0,0
ACC0043,2026-07-13 17:31:40,5190.23,0.1038046,1495,1,5190.23,1,1,80931.0,0
ACC0043,2026-07-16 08:12:35,1640.8,0.032816,1495,1,1640.8,1,1,225655.0,0
ACC0043,2026-07-17 17:54:47,3964.73,0.0792946,1495,1,3964.73,1,1,121332.0,0
ACC0043,2026-07-18 06:46:39,522.49,0.0104498,1495,1,522.49,1,1,46312.0,0
ACC0043,2026-07-19 13:17:55,4462.11,0.0892422,1495,1,4462.11,1,1,109876.0,0
ACC0043,2026-07-19 20:58:00,675.43,0.013508599999999999,1495,1,675.43,1,1,27605.0,0
ACC0043,2026-07-20 12:18:18,3791.98,0.07583960000000001,1495,1,3791.98,1,1,55218.0,0
ACC0043,2026-07-21 07:02:31,5477.19,0.1095438,1495,1,5477.19,1,1,67453.0,0
ACC0043,2026-07-22 12:44:08,285.47,0.005709400000000001,1495,1,285.47,1,1,106897.0,0
ACC0043,2026-07-23 14:21:09,1164.34,0.0232868,1495,1,1164.34,1,1,92221.0,0
ACC0043,2026-07-29 16:11:42,2642.14,0.052842799999999995,1495,1,2642.14,1,1,525033.0,0
ACC0043,2026-07-29 19:53:16,668.6,0.013372,1495,1,668.6,1,1,13294.0,0
ACC0043,2026-07-30 06:07:57,10623.22,0.2124644,1495,1,10623.22,1,1,36881.0,0
ACC0043,2026-07-30 06:55:55,862.36,0.0172472,1495,2,11485.58,2,1,2878.0,0
ACC0043,2026-07-30 22:23:59,2537.51,0.0507502,1495,1,2537.51,1,1,55684.0,0
ACC0044,2026-07-01 14:16:14,6835.42,0.1367084,317,1,6835.42,1,1,999999.0,0
ACC0044,2026-07-01 15:39:26,392.84,0.007856799999999999,317,1,392.84,1,1,4992.0,0
ACC0044,2026-07-02 14:44:53,1847.7,0.036954,317,1,1847.7,1,1,83127.0,0
ACC0044,2026-07-03 08:03:38,2694.53,0.053890600000000004,317,1,2694.53,1,1,62325.0,0
ACC0044,2026-07-03 15:10:10,3061.18,0.061223599999999996,317,1,3061.18,1,1,25592.0,0
ACC0044,2026-07-04 07:45:44,626.31,0.0125262,317,1,626.31,1,1,59734.0,0
ACC0044,2026-07-05 07:22:37,2041.09,0.0408218,317,1,2041.09,1,1,85013.0,0
ACC0044,2026-07-05 08:47:27,2477.41,0.049548199999999994,317,1,2477.41,1,1,5090.0,0
ACC0044,2026-07-05 19:12:54,926.81,0.0185362,317,1,926.81,1,1,37527.0,0
ACC0044,2026-07-07 09:05:27,1754.9,0.035098000000000004,317,1,1754.9,1,1,136353.0,0
ACC0044,2026-07-08 18:01:05,4872.86,0.0974572,317,1,4872.86,1,1,118538.0,0
ACC0044,2026-07-09 12:01:53,4307.3,0.086146,317,1,4307.3,1,1,64848.0,0
ACC0044,2026-07-10 19:08:37,1176.98,0.0235396,317,1,1176.98,1,1,112004.0,0
ACC0044,2026-07-11 11:54:39,12377.4,0.247548,317,1,12377.4,1,1,60362.0,0
ACC0044,2026-07-12 11:13:01,10741.78,0.21483560000000002,317,1,10741.78,1,1,83902.0,0
ACC0044,2026-07-12 13:51:21,13289.72,0.2657944,317,1,13289.72,1,1,9500.0,0
ACC0044,2026-07-13 16:30:36,1693.19,0.0338638,317,1,1693.19,1,1,95955.0,0
ACC0044,2026-07-14 20:31:21,1784.49,0.0356898,317,1,1784.49,1,1,100845.0,0
ACC0044,2026-07-15 20:47:09,1317.35,0.026347,317,1,1317.35,1,1,87348.0,0
ACC0044,2026-07-16 15:05:28,927.83,0.0185566,317,1,927.83,1,1,65899.0,0
ACC0044,2026-07-19 09:58:37,8329.28,0.1665856,317,1,8329.28,1,1,240789.0,0
ACC0044,2026-07-20 08:37:34,712.94,0.0142588,317,1,712.94,1,1,81537.0,0
ACC0044,2026-07-20 09:25:27,435.89,0.0087178,317,2,1148.83,2,1,2873.0,0
ACC0044,2026-07-22 21:55:18,2409.83,0.0481966,317,1,2409.83,1,1,217791.0,0
ACC0044,2026-07-23 14:50:48,5858.71,0.1171742,317,1,5858.71,1,1,60930.0,0
ACC0044,2026-07-25 14:22:44,2289.92,0.0457984,317,1,2289.92,1,1,171116.0,0
ACC0044,2026-07-25 15:00:35,610.8,0.012216,317,2,2900.7200000000003,2,1,2271.0,0
ACC0044,2026-07-25 15:17:03,6549.67,0.1309934,317,3,9450.39,3,2,988.0,0
ACC0044,2026-07-25 17:08:27,349.59,0.006991799999999999,317,1,349.59,1,1,6684.0,0
ACC0044,2026-07-25 20:22:45,3757.44,0.0751488,317,1,3757.44,1,1,11658.0,0
ACC0044,2026-07-28 11:21:37,1395.87,0.0279174,317,1,1395.87,1,1,226732.0,0
ACC0044,2026-07-28 20:52:18,1512.7,0.030254,317,1,1512.7,1,1,34241.0,0
ACC0044,2026-07-29 07:16:10,17808.84,0.3561768,317,1,17808.84,1,1,37432.0,0
ACC0044,2026-07-29 10:08:15,966.2,0.019324,317,1,966.2,1,1,10325.0,0
ACC0045,2026-07-01 15:29:56,875.33,0.0175066,1853,1,875.33,1,1,999999.0,0
ACC0045,2026-07-01 19:16:35,3375.14,0.0675028,1853,1,3375.14,1,1,13599.0,0
ACC0045,2026-07-02 10:38:40,1538.98,0.0307796,1853,1,1538.98,1,1,55325.0,0
ACC0045,2026-07-04 10:53:27,2622.2,0.052444,1853,1,2622.2,1,1,173687.0,0
ACC0045,2026-07-04 15:30:28,2939.97,0.058799399999999995,1853,1,2939.97,1,1,16621.0,0
ACC0045,2026-07-05 10:42:36,625.66,0.012513199999999999,1853,1,625.66,1,1,69128.0,0
ACC0045,2026-07-05 15:04:03,2903.5,0.05807,1853,1,2903.5,1,1,15687.0,0
ACC0045,2026-07-06 10:55:39,674.75,0.013495,1853,1,674.75,1,1,71496.0,0
ACC0045,2026-07-07 08:26:05,1838.13,0.0367626,1853,1,1838.13,1,1,77426.0,0
ACC0045,2026-07-08 07:37:26,12195.11,0.2439022,1853,1,12195.11,1,1,83481.0,0
ACC0045,2026-07-10 08:36:55,878.2,0.017564,1853,1,878.2,1,1,176369.0,0
ACC0045,2026-07-10 18:37:46,1048.83,0.020976599999999998,1853,1,1048.83,1,1,36051.0,0
ACC0045,2026-07-11 10:25:43,991.58,0.0198316,1853,1,991.58,1,1,56877.0,0
ACC0045,2026-07-12 07:51:06,1104.31,0.0220862,1853,1,1104.31,1,1,77123.0,0
ACC0045,2026-07-14 07:42:29,860.51,0.0172102,1853,1,860.51,1,1,172283.0,0
ACC0045,2026-07-15 12:07:47,530.95,0.010619000000000002,1853,1,530.95,1,1,102318.0,0
ACC0045,2026-07-16 10:37:49,2703.67,0.0540734,1853,1,2703.67,1,1,81002.0,0
ACC0045,2026-07-17 07:59:26,387.19,0.0077438,1853,1,387.19,1,1,76897.0,0
ACC0045,2026-07-18 08:07:46,807.49,0.0161498,1853,1,807.49,1,1,86900.0,0
ACC0045,2026-07-18 08:26:44,1207.98,0.0241596,1853,2,2015.47,2,1,1138.0,0
ACC0045,2026-07-18 10:57:12,673.5,0.01347,1853,1,673.5,1,1,9028.0,0
ACC0045,2026-07-19 06:17:31,2850.37,0.0570074,1853,1,2850.37,1,1,69619.0,0
ACC0045,2026-07-20 22:41:56,1741.58,0.0348316,1853,1,1741.58,1,1,145465.0,0
ACC0045,2026-07-21 17:21:37,739.31,0.0147862,1853,1,739.31,1,1,67181.0,0
ACC0045,2026-07-21 17:41:49,2135.48,0.0427096,1853,2,2874.79,2,1,1212.0,0
ACC0045,2026-07-21 21:34:09,2064.35,0.041287,1853,1,2064.35,1,1,13940.0,0
ACC0045,2026-07-22 08:44:35,4852.86,0.0970572,1853,1,4852.86,1,1,40226.0,0
ACC0045,2026-07-22 12:22:50,542.39,0.0108478,1853,1,542.39,1,1,13095.0,0
ACC0045,2026-07-22 18:04:38,3709.39,0.0741878,1853,1,3709.39,1,1,20508.0,0
ACC0045,2026-07-23 08:35:54,2729.45,0.054589,1853,1,2729.45,1,1,52276.0,0
ACC0045,2026-07-23 11:49:02,481.07,0.0096214,1853,1,481.07,1,1,11588.0,0
ACC0045,2026-07-23 15:51:09,2962.3,0.05924600000000001,1853,1,2962.3,1,1,14527.0,0
ACC0045,2026-07-23 21:15:32,1520.91,0.030418200000000003,1853,1,1520.91,1,1,19463.0,0
ACC0045,2026-07-25 18:39:32,537.6,0.010752000000000001,1853,1,537.6,1,1,163440.0,0
ACC0045,2026-07-26 13:50:46,4292.3,0.085846,1853,1,4292.3,1,1,69074.0,0
ACC0045,2026-07-26 16:06:24,1124.97,0.0224994,1853,1,1124.97,1,1,8138.0,0
ACC0045,2026-07-26 19:53:33,5568.03,0.11136059999999999,1853,1,5568.03,1,1,13629.0,0
ACC0045,2026-07-27 11:03:18,1041.04,0.0208208,1853,1,1041.04,1,1,54585.0,0
ACC0045,2026-07-27 22:07:05,2952.39,0.0590478,1853,1,2952.39,1,1,39827.0,0
ACC0045,2026-07-29 13:54:18,2143.81,0.042876199999999996,1853,1,2143.81,1,1,143233.0,0
ACC0045,2026-07-29 19:46:52,1499.07,0.0299814,1853,1,1499.07,1,1,21154.0,0
ACC0045,2026-07-30 21:08:40,2490.63,0.049812600000000005,1853,1,2490.63,1,1,91308.0,0
ACC0046,2026-07-01 08:44:29,22810.88,0.4562176,1546,1,22810.88,1,1,999999.0,0
ACC0046,2026-07-01 17:04:14,334.8,0.0066960000000000006,1546,1,334.8,1,1,29985.0,0
ACC0046,2026-07-02 10:58:31,1792.47,0.035849400000000003,1546,1,1792.47,1,1,64457.0,0
ACC0046,2026-07-02 13:56:21,22.44,0.0004488,1546,1,22.44,1,1,10670.0,0
ACC0046,2026-07-02 20:44:48,245.7,0.004914,1546,1,245.7,1,1,24507.0,0
ACC0046,2026-07-03 17:42:40,5714.94,0.11429879999999999,1546,1,5714.94,1,1,75472.0,0
ACC0046,2026-07-05 07:22:59,281.07,0.0056213999999999995,1546,1,281.07,1,1,135619.0,0
ACC0046,2026-07-06 08:51:31,5594.73,0.1118946,1546,1,5594.73,1,1,91712.0,0
ACC0046,2026-07-06 18:49:06,432.57,0.0086514,1546,1,432.57,1,1,35855.0,0
ACC0046,2026-07-06 20:58:48,367.61,0.007352200000000001,1546,1,367.61,1,1,7782.0,0
ACC0046,2026-07-07 07:53:46,1521.54,0.0304308,1546,1,1521.54,1,1,39298.0,0
ACC0046,2026-07-08 16:54:31,1821.44,0.036428800000000004,1546,1,1821.44,1,1,118845.0,0
ACC0046,2026-07-09 13:47:36,1388.05,0.027760999999999997,1546,1,1388.05,1,1,75185.0,0
ACC0046,2026-07-10 16:30:20,1643.37,0.0328674,1546,1,1643.37,1,1,96164.0,0
ACC0046,2026-07-10 20:22:03,3049.95,0.060999,1546,1,3049.95,1,1,13903.0,0
ACC0046,2026-07-11 19:04:38,1859.86,0.0371972,1546,1,1859.86,1,1,81755.0,0
ACC0046,2026-07-12 11:21:18,4228.79,0.08457579999999999,1546,1,4228.79,1,1,58600.0,0
ACC0046,2026-07-12 14:36:47,348.7,0.006974,1546,1,348.7,1,1,11729.0,0
ACC0046,2026-07-13 20:28:43,753.62,0.0150724,1546,1,753.62,1,1,107516.0,0
ACC0046,2026-07-15 14:09:28,8371.83,0.1674366,1546,1,8371.83,1,1,150045.0,0
ACC0046,2026-07-16 14:31:47,11061.96,0.22123919999999997,1546,1,11061.96,1,1,87739.0,0
ACC0046,2026-07-19 19:19:20,7610.31,0.1522062,1546,1,7610.31,1,1,276453.0,0
ACC0046,2026-07-20 07:54:52,1215.57,0.0243114,1546,1,1215.57,1,1,45332.0,0
ACC0046,2026-07-21 07:11:16,1368.41,0.027368200000000002,1546,1,1368.41,1,1,83784.0,0
ACC0046,2026-07-21 10:38:34,668.52,0.0133704,1546,1,668.52,1,1,12438.0,0
ACC0046,2026-07-22 17:56:52,2781.43,0.05562859999999999,1546,1,2781.43,1,1,112698.0,0
ACC0046,2026-07-23 13:36:34,4012.91,0.0802582,1546,1,4012.91,1,1,70782.0,0
ACC0046,2026-07-23 15:39:30,5096.83,0.1019366,1546,1,5096.83,1,1,7376.0,0
ACC0046,2026-07-23 19:40:59,78.89,0.0015778,1546,1,78.89,1,1,14489.0,0
ACC0046,2026-07-23 22:15:25,400.06,0.0080012,1546,1,400.06,1,1,9266.0,0
ACC0046,2026-07-24 18:59:40,2197.95,0.043959,1546,1,2197.95,1,1,74655.0,0
ACC0046,2026-07-26 13:42:07,5695.19,0.11390379999999999,1546,1,5695.19,1,1,153747.0,0
ACC0046,2026-07-27 16:33:17,7120.58,0.1424116,1546,1,7120.58,1,1,96670.0,0
ACC0046,2026-07-28 07:09:06,281.89,0.0056378,1546,1,281.89,1,1,52549.0,0
ACC0046,2026-07-28 08:01:42,5622.5,0.11245,1546,2,5904.39,2,1,3156.0,0
ACC0046,2026-07-29 09:13:29,3240.64,0.0648128,1546,1,3240.64,1,1,90707.0,0
ACC0046,2026-07-29 14:22:02,293.31,0.0058662,1546,1,293.31,1,1,18513.0,0
ACC0046,2026-07-29 16:19:31,5701.56,0.11403120000000001,1546,1,5701.56,1,1,7049.0,0
ACC0046,2026-07-29 18:50:57,1587.92,0.0317584,1546,1,1587.92,1,1,9086.0,0
ACC0046,2026-07-30 14:57:03,20155.73,0.4031146,1546,1,20155.73,1,1,72366.0,0
ACC0046,2026-07-30 17:46:17,774.46,0.015489200000000002,1546,1,774.46,1,1,10154.0,0
ACC0047,2026-07-01 18:49:18,1709.68,0.034193600000000005,459,1,1709.68,1,1,999999.0,0
ACC0047,2026-07-04 14:49:43,726.27,0.014525399999999999,459,1,726.27,1,1,244825.0,0
ACC0047,2026-07-05 06:06:59,1859.66,0.0371932,459,1,1859.66,1,1,55036.0,0
ACC0047,2026-07-05 10:34:23,2220.21,0.0444042,459,1,2220.21,1,1,16044.0,0
ACC0047,2026-07-05 16:14:05,669.59,0.0133918,459,1,669.59,1,1,20382.0,0
ACC0047,2026-07-08 09:41:37,1130.02,0.0226004,459,1,1130.02,1,1,235652.0,0
ACC0047,2026-07-08 19:53:02,1324.9,0.026498,459,1,1324.9,1,1,36685.0,0
ACC0047,2026-07-09 07:25:40,2803.05,0.05606100000000001,459,1,2803.05,1,1,41558.0,0
ACC0047,2026-07-09 11:14:27,2882.73,0.0576546,459,1,2882.73,1,1,13727.0,0
ACC0047,2026-07-09 14:25:12,3909.0,0.07818,459,1,3909.0,1,1,11445.0,0
ACC0047,2026-07-09 15:40:31,1556.3,0.031125999999999997,459,1,1556.3,1,1,4519.0,0
ACC0047,2026-07-14 07:09:59,478.52,0.0095704,459,1,478.52,1,1,401368.0,0
ACC0047,2026-07-16 11:37:36,1222.68,0.024453600000000002,459,1,1222.68,1,1,188857.0,0
ACC0047,2026-07-16 17:13:14,3003.89,0.0600778,459,1,3003.89,1,1,20138.0,0
ACC0047,2026-07-17 06:44:32,2213.47,0.044269399999999993,459,1,2213.47,1,1,48678.0,0
ACC0047,2026-07-17 08:00:39,434.11,0.008682200000000001,459,1,434.11,1,1,4567.0,0
ACC0047,2026-07-17 10:49:36,1787.74,0.0357548,459,1,1787.74,1,1,10137.0,0
ACC0047,2026-07-17 12:34:02,4732.29,0.0946458,459,1,4732.29,1,1,6266.0,0
ACC0047,2026-07-17 17:13:40,249.97,0.0049994,459,1,249.97,1,1,16778.0,0
ACC0047,2026-07-18 19:34:56,3942.7,0.078854,459,1,3942.7,1,1,94876.0,0
ACC0047,2026-07-18 22:27:54,422.15,0.008442999999999999,459,1,422.15,1,1,10378.0,0
ACC0047,2026-07-18 22:28:38,1742.88,0.0348576,459,2,2165.03,2,1,44.0,0
ACC0047,2026-07-19 08:29:37,2929.64,0.0585928,459,1,2929.64,1,1,36059.0,0
ACC0047,2026-07-19 19:30:27,5997.93,0.11995860000000001,459,1,5997.93,1,1,39650.0,0
ACC0047,2026-07-20 19:05:51,6800.4,0.136008,459,1,6800.4,1,1,84924.0,0
ACC0047,2026-07-20 21:00:10,2158.63,0.043172600000000005,459,1,2158.63,1,1,6859.0,0
ACC0047,2026-07-22 06:59:09,503.01,0.0100602,459,1,503.01,1,1,122339.0,0
ACC0047,2026-07-22 17:56:27,946.67,0.0189334,459,1,946.67,1,1,39438.0,0
ACC0047,2026-07-24 08:25:22,4434.61,0.0886922,459,1,4434.61,1,1,138535.0,0
ACC0047,2026-07-24 08:38:52,1258.67,0.025173400000000002,459,2,5693.28,2,1,810.0,0
ACC0047,2026-07-24 10:01:54,9956.1,0.199122,459,1,9956.1,1,1,4982.0,0
ACC0047,2026-07-24 12:27:47,9642.87,0.1928574,459,1,9642.87,1,1,8753.0,0
ACC0047,2026-07-24 19:09:43,3954.14,0.0790828,459,1,3954.14,1,1,24116.0,0
ACC0047,2026-07-24 21:10:17,1855.06,0.0371012,459,1,1855.06,1,1,7234.0,0
ACC0047,2026-07-25 22:46:31,1302.59,0.0260518,459,1,1302.59,1,1,92174.0,0
ACC0047,2026-07-27 10:01:21,7091.69,0.14183379999999998,459,1,7091.69,1,1,126890.0,0
ACC0047,2026-07-27 13:09:32,1905.71,0.0381142,459,1,1905.71,1,1,11291.0,0
ACC0047,2026-07-27 15:05:19,1537.43,0.0307486,459,1,1537.43,1,1,6947.0,0
ACC0047,2026-07-29 15:14:48,1550.68,0.031013600000000002,459,1,1550.68,1,1,173369.0,0
ACC0048,2026-07-01 14:29:06,410.11,0.0082022,271,1,410.11,1,1,999999.0,0
ACC0048,2026-07-01 15:39:04,2310.81,0.0462162,271,1,2310.81,1,1,4198.0,0
ACC0048,2026-07-01 18:41:03,291.98,0.0058396,271,1,291.98,1,1,10919.0,0
ACC0048,2026-07-02 08:36:10,5161.09,0.1032218,271,1,5161.09,1,1,50107.0,0
ACC0048,2026-07-03 13:52:58,6258.13,0.1251626,271,1,6258.13,1,1,105408.0,0
ACC0048,2026-07-03 15:01:38,296.44,0.0059288,271,1,296.44,1,1,4120.0,0
ACC0048,2026-07-03 18:11:32,2058.6,0.041172,271,1,2058.6,1,1,11394.0,0
ACC0048,2026-07-04 06:22:56,8910.07,0.17820139999999998,271,1,8910.07,1,1,43884.0,0
ACC0048,2026-07-04 07:45:28,8319.05,0.16638099999999997,271,1,8319.05,1,1,4952.0,0
ACC0048,2026-07-04 12:28:15,813.91,0.0162782,271,1,813.91,1,1,16967.0,0
ACC0048,2026-07-05 08:41:10,1218.05,0.024361,271,1,1218.05,1,1,72775.0,0
ACC0048,2026-07-05 20:27:00,1718.91,0.034378200000000005,271,1,1718.91,1,1,42350.0,0
ACC0048,2026-07-06 11:30:14,853.74,0.0170748,271,1,853.74,1,1,54194.0,0
ACC0048,2026-07-07 06:06:06,1676.18,0.0335236,271,1,1676.18,1,1,66952.0,0
ACC0048,2026-07-09 10:57:39,1101.22,0.0220244,271,1,1101.22,1,1,190293.0,0
ACC0048,2026-07-09 18:17:15,1538.63,0.0307726,271,1,1538.63,1,1,26376.0,0
ACC0048,2026-07-10 13:38:15,2261.75,0.045235,271,1,2261.75,1,1,69660.0,0
ACC0048,2026-07-10 13:41:11,1320.89,0.0264178,271,2,3582.6400000000003,2,1,176.0,0
ACC0048,2026-07-11 19:43:19,2264.52,0.0452904,271,1,2264.52,1,1,108128.0,0
ACC0048,2026-07-11 19:48:17,3316.73,0.0663346,271,2,5581.25,2,1,298.0,0
ACC0048,2026-07-13 10:50:25,436.27,0.0087254,271,1,436.27,1,1,140528.0,0
ACC0048,2026-07-13 14:02:16,350.47,0.007009400000000001,271,1,350.47,1,1,11511.0,0
ACC0048,2026-07-13 17:00:33,759.28,0.015185599999999999,271,1,759.28,1,1,10697.0,0
ACC0048,2026-07-15 10:53:50,398.93,0.0079786,271,1,398.93,1,1,150797.0,0
ACC0048,2026-07-16 13:58:20,327.64,0.0065528,271,1,327.64,1,1,97470.0,0
ACC0048,2026-07-18 12:25:33,3339.53,0.0667906,271,1,3339.53,1,1,167233.0,0
ACC0048,2026-07-19 13:13:59,949.79,0.0189958,271,1,949.79,1,1,89306.0,0
ACC0048,2026-07-20 14:23:48,1337.18,0.026743600000000003,271,1,1337.18,1,1,90589.0,0
ACC0048,2026-07-20 22:22:59,2557.23,0.0511446,271,1,2557.23,1,1,28751.0,0
ACC0048,2026-07-22 07:43:01,3114.45,0.062289,271,1,3114.45,1,1,120002.0,0
ACC0048,2026-07-23 16:46:36,1699.55,0.033991,271,1,1699.55,1,1,119015.0,0
ACC0048,2026-07-24 20:11:32,3930.67,0.0786134,271,1,3930.67,1,1,98696.0,0
ACC0048,2026-07-25 13:28:47,4149.0,0.08298,271,1,4149.0,1,1,62235.0,0
ACC0048,2026-07-25 22:59:03,1210.76,0.0242152,271,1,1210.76,1,1,34216.0,0
ACC0048,2026-07-26 08:50:40,3444.43,0.0688886,271,1,3444.43,1,1,35497.0,0
ACC0048,2026-07-27 10:09:39,2978.05,0.059561,271,1,2978.05,1,1,91139.0,0
ACC0048,2026-07-27 18:20:22,2112.16,0.042243199999999995,271,1,2112.16,1,1,29443.0,0
ACC0048,2026-07-27 21:01:08,1430.99,0.0286198,271,1,1430.99,1,1,9646.0,0
ACC0048,2026-07-28 09:32:26,3711.81,0.0742362,271,1,3711.81,1,1,45078.0,0
ACC0048,2026-07-28 10:33:02,611.62,0.012232400000000001,271,1,611.62,1,1,3636.0,0
ACC0048,2026-07-29 07:51:29,1957.64,0.0391528,271,1,1957.64,1,1,76707.0,0
ACC0049,2026-07-03 07:15:56,2876.85,0.057537,360,1,2876.85,1,1,999999.0,0
ACC0049,2026-07-03 10:22:10,778.36,0.0155672,360,1,778.36,1,1,11174.0,0
ACC0049,2026-07-03 13:02:10,2250.3,0.045006000000000004,360,1,2250.3,1,1,9600.0,0
ACC0049,2026-07-07 13:18:21,890.24,0.0178048,360,1,890.24,1,1,346571.0,0
ACC0049,2026-07-07 22:39:49,2458.76,0.0491752,360,1,2458.76,1,1,33688.0,0
ACC0049,2026-07-11 10:05:53,6667.57,0.13335139999999998,360,1,6667.57,1,1,300364.0,0
ACC0049,2026-07-13 13:42:43,1459.36,0.029187199999999996,360,1,1459.36,1,1,185810.0,0
ACC0049,2026-07-14 06:04:02,4648.6,0.09297200000000001,360,1,4648.6,1,1,58879.0,0
ACC0049,2026-07-14 07:09:48,7724.0,0.15448,360,1,7724.0,1,1,3946.0,0
ACC0049,2026-07-14 17:39:11,423.39,0.0084678,360,1,423.39,1,1,37763.0,0
ACC0049,2026-07-14 19:27:04,1115.26,0.0223052,360,1,1115.26,1,1,6473.0,0
ACC0049,2026-07-15 19:41:16,2724.39,0.054487799999999996,360,1,2724.39,1,1,87252.0,0
ACC0049,2026-07-15 22:16:20,1771.36,0.0354272,360,1,1771.36,1,1,9304.0,0
ACC0049,2026-07-15 22:50:11,2143.18,0.042863599999999995,360,2,3914.54,2,1,2031.0,0
ACC0049,2026-07-17 21:55:51,1577.39,0.0315478,360,1,1577.39,1,1,169540.0,0
ACC0049,2026-07-19 08:06:47,12861.65,0.257233,360,1,12861.65,1,1,123056.0,0
ACC0049,2026-07-21 18:16:26,1151.44,0.023028800000000002,360,1,1151.44,1,1,209379.0,0
ACC0049,2026-07-25 11:02:42,10545.9,0.210918,360,1,10545.9,1,1,319576.0,0
ACC0049,2026-07-25 14:50:31,6549.16,0.1309832,360,1,6549.16,1,1,13669.0,0
ACC0049,2026-07-25 20:05:04,951.81,0.0190362,360,1,951.81,1,1,18873.0,0
ACC0049,2026-07-26 06:57:53,1268.45,0.025369,360,1,1268.45,1,1,39169.0,0
ACC0049,2026-07-28 14:03:31,956.64,0.0191328,360,1,956.64,1,1,198338.0,0
ACC0049,2026-07-29 16:36:59,9083.78,0.18167560000000002,360,1,9083.78,1,1,95608.0,0
ACC0049,2026-07-29 20:16:06,1691.23,0.0338246,360,1,1691.23,1,1,13147.0,0
FRAUD0000,2026-07-03 07:57:16,1439.75,0.028795,247,1,1439.75,1,1,999999.0,0
FRAUD0000,2026-07-06 13:52:22,460.37,0.0092074,247,1,460.37,1,1,280506.0,0
FRAUD0000,2026-07-08 09:35:33,48371.07,0.9674214,247,1,48371.07,1,1,157391.0,1
FRAUD0000,2026-07-08 09:48:33,49246.65,0.9849330000000001,247,2,97617.72,2,2,780.0,1
FRAUD0000,2026-07-08 10:06:33,42700.84,0.8540167999999999,247,3,140318.56,3,3,1080.0,1
FRAUD0000,2026-07-08 10:25:33,42812.84,0.8562567999999999,247,4,183131.4,4,4,1140.0,1
FRAUD0000,2026-07-08 10:46:33,42768.21,0.8553642,247,4,177528.53999999998,4,4,1260.0,1
FRAUD0000,2026-07-08 10:56:33,46704.51,0.9340902000000001,247,4,174986.4,4,4,600.0,1
FRAUD0000,2026-07-08 13:09:35,232.05,0.004641,247,1,232.05,1,1,7982.0,0
FRAUD0000,2026-07-08 20:05:52,1317.31,0.0263462,247,1,1317.31,1,1,24977.0,0
FRAUD0000,2026-07-12 20:38:58,912.23,0.0182446,247,1,912.23,1,1,347586.0,0
FRAUD0000,2026-07-13 18:37:55,919.01,0.0183802,247,1,919.01,1,1,79137.0,0
FRAUD0000,2026-07-18 19:16:53,2161.86,0.0432372,247,1,2161.86,1,1,434338.0,0
FRAUD0000,2026-07-23 11:06:30,602.48,0.0120496,247,1,602.48,1,1,402577.0,0
FRAUD0000,2026-07-26 08:38:55,563.92,0.0112784,247,1,563.92,1,1,250345.0,0
FRAUD0000,2026-07-26 08:54:21,297.52,0.0059504,247,2,861.4399999999999,2,2,926.0,0
FRAUD0001,2026-07-04 22:25:08,645.3,0.012905999999999999,152,1,645.3,1,1,999999.0,0
FRAUD0001,2026-07-05 09:08:22,2190.02,0.043800399999999996,152,1,2190.02,1,1,38594.0,0
FRAUD0001,2026-07-06 18:27:09,906.74,0.0181348,152,1,906.74,1,1,119927.0,0
FRAUD0001,2026-07-06 20:09:18,478.48,0.009569600000000001,152,1,478.48,1,1,6129.0,0
FRAUD0001,2026-07-07 12:25:28,43905.95,0.878119,152,1,43905.95,1,1,58570.0,1
FRAUD0001,2026-07-07 12:43:28,41036.35,0.820727,152,2,84942.29999999999,2,2,1080.0,1
FRAUD0001,2026-07-07 13:01:28,45691.89,0.9138378,152,3,130634.19,3,3,1080.0,1
FRAUD0001,2026-07-07 13:23:28,44815.62,0.8963124,152,4,175449.81,4,4,1320.0,1
FRAUD0001,2026-07-09 06:09:11,744.18,0.014883599999999999,152,1,744.18,1,1,146743.0,0
FRAUD0001,2026-07-13 07:12:27,2993.82,0.0598764,152,1,2993.82,1,1,349396.0,0
FRAUD0001,2026-07-16 09:23:45,1329.97,0.026599400000000002,152,1,1329.97,1,1,267078.0,0
FRAUD0001,2026-07-19 14:32:55,2454.89,0.0490978,152,1,2454.89,1,1,277750.0,0
FRAUD0001,2026-07-23 13:07:52,433.45,0.008669,152,1,433.45,1,1,340497.0,0
FRAUD0001,2026-07-27 16:31:41,499.26,0.0099852,152,1,499.26,1,1,357829.0,0
FRAUD0001,2026-07-28 19:54:01,652.8,0.013056,152,1,652.8,1,1,98540.0,0
FRAUD0002,2026-07-01 08:30:28,393.65,0.007873,349,1,393.65,1,1,999999.0,0
FRAUD0002,2026-07-07 07:17:03,1163.74,0.023274800000000002,349,1,1163.74,1,1,513995.0,0
FRAUD0002,2026-07-08 14:15:40,1191.26,0.0238252,349,1,1191.26,1,1,111517.0,0
FRAUD0002,2026-07-15 07:43:48,245.34,0.0049068,349,1,245.34,1,1,581288.0,0
FRAUD0002,2026-07-18 18:09:44,700.45,0.014009,349,1,700.45,1,1,296756.0,0
FRAUD0002,2026-07-19 06:33:24,906.5,0.01813,349,1,906.5,1,1,44620.0,0
FRAUD0002,2026-07-20 17:28:50,48054.85,0.961097,349,1,48054.85,1,1,125726.0,1
FRAUD0002,2026-07-20 17:40:50,44198.78,0.8839756,349,2,92253.63,2,2,720.0,1
FRAUD0002,2026-07-20 17:51:50,43553.86,0.8710772,349,3,135807.49,3,3,660.0,1
FRAUD0002,2026-07-20 18:00:50,48691.0,0.97382,349,4,184498.49,4,4,540.0,1
FRAUD0002,2026-07-21 10:37:57,300.53,0.0060106,349,1,300.53,1,1,59827.0,0
FRAUD0002,2026-07-23 07:36:45,831.37,0.0166274,349,1,831.37,1,1,161928.0,0
FRAUD0002,2026-07-25 14:14:25,1703.11,0.0340622,349,1,1703.11,1,1,196660.0,0
FRAUD0002,2026-07-25 15:00:02,2913.7,0.058274,349,2,4616.8099999999995,2,1,2737.0,0
FRAUD0002,2026-07-26 18:53:54,365.98,0.007319600000000001,349,1,365.98,1,1,100432.0,0
FRAUD0002,2026-07-26 18:59:52,716.3,0.014325999999999998,349,2,1082.28,2,1,358.0,0
FRAUD0002,2026-07-28 17:16:59,1371.77,0.0274354,349,1,1371.77,1,1,166627.0,0
FRAUD0003,2026-07-02 08:12:45,1831.97,0.0366394,113,1,1831.97,1,1,999999.0,0
FRAUD0003,2026-07-02 21:34:45,498.55,0.009971,113,1,498.55,1,1,48120.0,0
FRAUD0003,2026-07-06 16:43:54,570.5,0.01141,113,1,570.5,1,1,328149.0,0
FRAUD0003,2026-07-08 09:03:58,942.85,0.018857,113,1,942.85,1,1,145204.0,0
FRAUD0003,2026-07-16 21:13:06,2744.85,0.054897,113,1,2744.85,1,1,734948.0,0
FRAUD0003,2026-07-22 14:48:15,40337.53,0.8067506,113,1,40337.53,1,1,495309.0,1
FRAUD0003,2026-07-22 15:12:15,46855.4,0.937108,113,2,87192.93,2,2,1440.0,1
FRAUD0003,2026-07-22 15:26:15,48203.17,0.9640634,113,3,135396.1,3,3,840.0,1
FRAUD0003,2026-07-22 15:49:15,47978.81,0.9595762,113,3,143037.38,3,3,1380.0,1
FRAUD0003,2026-07-22 15:59:15,41519.31,0.8303862,113,4,184556.69,4,4,600.0,1
FRAUD0003,2026-07-22 16:18:15,48113.53,0.9622706,113,4,185814.82,4,4,1140.0,1
FRAUD0003,2026-07-24 22:16:01,1448.16,0.0289632,113,1,1448.16,1,1,194266.0,0
FRAUD0003,2026-07-27 10:16:25,721.44,0.0144288,113,1,721.44,1,1,216024.0,0
FRAUD0003,2026-07-27 17:30:26,516.1,0.010322000000000001,113,1,516.1,1,1,26041.0,0
FRAUD0003,2026-07-28 22:35:02,5980.72,0.11961440000000001,113,1,5980.72,1,1,104676.0,0
FRAUD0003,2026-07-29 18:11:14,1229.84,0.0245968,113,1,1229.84,1,1,70572.0,0
FRAUD0004,2026-07-04 11:41:01,948.64,0.018972799999999998,237,1,948.64,1,1,999999.0,0
FRAUD0004,2026-07-04 16:21:25,444.15,0.008883,237,1,444.15,1,1,16824.0,0
FRAUD0004,2026-07-04 17:45:30,509.83,0.0101966,237,1,509.83,1,1,5045.0,0
FRAUD0004,2026-07-05 07:21:59,43913.3,0.8782660000000001,237,1,43913.3,1,1,48989.0,1
FRAUD0004,2026-07-05 07:29:59,42326.43,0.8465286,237,2,86239.73000000001,2,2,480.0,1
FRAUD0004,2026-07-05 07:42:59,47680.75,0.953615,237,3,133920.48,2,3,780.0,1
FRAUD0004,2026-07-05 07:50:59,40027.28,0.8005456,237,4,173947.76,3,4,480.0,1
FRAUD0004,2026-07-07 21:45:24,2257.87,0.0451574,237,1,2257.87,1,1,222865.0,0
FRAUD0004,2026-07-11 22:56:36,305.53,0.0061106,237,1,305.53,1,1,349872.0,0
FRAUD0004,2026-07-14 06:51:51,1831.18,0.0366236,237,1,1831.18,1,1,201315.0,0
FRAUD0004,2026-07-14 11:28:44,978.49,0.019569800000000002,237,1,978.49,1,1,16613.0,0
FRAUD0004,2026-07-15 18:41:24,1054.49,0.0210898,237,1,1054.49,1,1,112360.0,0
FRAUD0004,2026-07-16 19:53:16,2962.27,0.0592454,237,1,2962.27,1,1,90712.0,0
FRAUD0004,2026-07-18 15:01:50,1283.93,0.025678600000000003,237,1,1283.93,1,1,155314.0,0
FRAUD0004,2026-07-20 10:49:43,1292.75,0.025855,237,1,1292.75,1,1,157673.0,0
FRAUD0004,2026-07-28 07:13:32,2052.64,0.0410528,237,1,2052.64,1,1,678229.0,0
FRAUD0004,2026-07-29 06:24:15,2955.25,0.059105,237,1,2955.25,1,1,83443.0,0
FRAUD0005,2026-07-03 07:10:04,48708.08,0.9741616000000001,250,1,48708.08,1,1,999999.0,1
FRAUD0005,2026-07-03 07:27:04,46276.26,0.9255252,250,2,94984.34,2,2,1020.0,1
FRAUD0005,2026-07-03 07:43:04,46359.78,0.9271956,250,3,141344.12,3,3,960.0,1
FRAUD0005,2026-07-03 08:06:04,44948.74,0.8989748,250,4,186292.86,4,4,1380.0,1
FRAUD0005,2026-07-07 15:22:41,3075.02,0.0615004,250,1,3075.02,1,1,371797.0,0
FRAUD0005,2026-07-16 16:52:38,2007.52,0.0401504,250,1,2007.52,1,1,782997.0,0
FRAUD0005,2026-07-20 19:29:07,1232.63,0.024652600000000004,250,1,1232.63,1,1,354989.0,0
FRAUD0005,2026-07-28 06:23:39,1937.05,0.038741,250,1,1937.05,1,1,644072.0,0
FRAUD0005,2026-07-30 19:44:20,272.82,0.0054564,250,1,272.82,1,1,220841.0,0
FRAUD0006,2026-07-08 20:50:56,1205.21,0.0241042,61,1,1205.21,1,1,999999.0,0
FRAUD0006,2026-07-10 18:57:28,1573.38,0.031467600000000005,61,1,1573.38,1,1,165992.0,0
FRAUD0006,2026-07-13 06:22:14,3495.2,0.069904,61,1,3495.2,1,1,213886.0,0
FRAUD0006,2026-07-13 14:38:40,2389.87,0.0477974,61,1,2389.87,1,1,29786.0,0
FRAUD0006,2026-07-15 08:42:43,42223.98,0.8444796000000001,61,1,42223.98,1,1,151443.0,1
FRAUD0006,2026-07-15 08:51:43,49302.69,0.9860538000000001,61,2,91526.67000000001,2,2,540.0,1
FRAUD0006,2026-07-15 09:14:43,44355.61,0.8871122,61,3,135882.28,3,3,1380.0,1
FRAUD0006,2026-07-15 09:29:43,41584.57,0.8316914,61,4,177466.85,4,4,900.0,1
FRAUD0006,2026-07-15 09:44:43,45756.78,0.9151355999999999,61,4,180999.65,4,4,900.0,1
FRAUD0006,2026-07-17 22:53:38,653.16,0.013063199999999999,61,1,653.16,1,1,220135.0,0
FRAUD0006,2026-07-22 13:08:53,1526.57,0.0305314,61,1,1526.57,1,1,396915.0,0
FRAUD0006,2026-07-24 15:13:19,342.25,0.006845,61,1,342.25,1,1,180266.0,0
FRAUD0006,2026-07-24 22:21:33,1306.56,0.0261312,61,1,1306.56,1,1,25694.0,0
FRAUD0006,2026-07-27 19:03:11,2585.11,0.051702200000000004,61,1,2585.11,1,1,247298.0,0
FRAUD0006,2026-07-29 19:01:16,2288.22,0.0457644,61,1,2288.22,1,1,172685.0,0
FRAUD0007,2026-07-03 12:50:37,1070.26,0.0214052,69,1,1070.26,1,1,999999.0,0
FRAUD0007,2026-07-10 20:21:26,1101.5,0.02203,69,1,1101.5,1,1,631849.0,0
FRAUD0007,2026-07-19 12:25:04,991.42,0.0198284,69,1,991.42,1,1,749018.0,0
FRAUD0007,2026-07-19 13:19:02,907.77,0.0181554,69,2,1899.19,2,2,3238.0,0
FRAUD0007,2026-07-19 22:22:00,47528.86,0.9505772,69,1,47528.86,1,1,32578.0,1
FRAUD0007,2026-07-19 22:32:00,45686.41,0.9137282000000001,69,2,93215.27,2,2,600.0,1
FRAUD0007,2026-07-19 22:52:00,40575.84,0.8115167999999999,69,3,133791.11,3,3,1200.0,1
FRAUD0007,2026-07-19 23:06:00,40901.19,0.8180238000000001,69,4,174692.3,4,4,840.0,1
FRAUD0007,2026-07-19 23:15:00,45803.45,0.9160689999999999,69,5,220495.75,5,5,540.0,1
FRAUD0007,2026-07-26 07:34:39,1090.13,0.021802600000000002,69,1,1090.13,1,1,548379.0,0
FRAUD0007,2026-07-27 15:12:47,3008.59,0.060171800000000004,69,1,3008.59,1,1,113888.0,0
FRAUD0008,2026-07-01 10:24:53,1130.23,0.0226046,311,1,1130.23,1,1,999999.0,0
FRAUD0008,2026-07-01 21:50:04,2155.24,0.0431048,311,1,2155.24,1,1,41111.0,0
FRAUD0008,2026-07-03 14:17:27,47203.43,0.9440686,311,1,47203.43,1,1,145643.0,1
FRAUD0008,2026-07-03 14:38:27,43560.63,0.8712125999999999,311,2,90764.06,2,2,1260.0,1
FRAUD0008,2026-07-03 14:57:27,46786.25,0.935725,311,3,137550.31,3,3,1140.0,1
FRAUD0008,2026-07-03 15:08:27,46002.11,0.9200422,311,4,183552.41999999998,4,4,660.0,1
FRAUD0008,2026-07-03 15:32:27,47340.58,0.9468116000000001,311,4,183689.57,4,4,1440.0,1
FRAUD0008,2026-07-03 15:56:27,45279.27,0.9055854,311,4,185408.21,4,4,1440.0,1
FRAUD0008,2026-07-04 06:35:54,2897.62,0.0579524,311,1,2897.62,1,1,52767.0,0
FRAUD0008,2026-07-06 19:38:01,908.41,0.0181682,311,1,908.41,1,1,219727.0,0
FRAUD0008,2026-07-09 14:16:23,2223.15,0.044463,311,1,2223.15,1,1,239902.0,0
FRAUD0008,2026-07-14 21:27:54,1310.7,0.026214,311,1,1310.7,1,1,457891.0,0
FRAUD0008,2026-07-18 14:49:23,1046.88,0.0209376,311,1,1046.88,1,1,321689.0,0
FRAUD0008,2026-07-21 14:43:16,148.42,0.0029684,311,1,148.42,1,1,258833.0,0
FRAUD0008,2026-07-24 12:17:03,4217.5,0.08435,311,1,4217.5,1,1,250427.0,0
FRAUD0009,2026-07-01 19:05:57,1285.65,0.025713000000000003,200,1,1285.65,1,1,999999.0,0
FRAUD0009,2026-07-08 16:36:59,46669.99,0.9333998,200,1,46669.99,1,1,595862.0,1
FRAUD0009,2026-07-08 16:46:59,46866.87,0.9373374000000001,200,2,93536.86,2,2,600.0,1
FRAUD0009,2026-07-08 17:07:59,45711.57,0.9142314,200,3,139248.43,3,3,1260.0,1
FRAUD0009,2026-07-08 17:16:59,42105.98,0.8421196000000001,200,4,181354.41,4,4,540.0,1
FRAUD0009,2026-07-08 17:30:59,41917.28,0.8383456,200,5,223271.69,5,5,840.0,1
FRAUD0009,2026-07-08 17:52:59,49458.18,0.9891636,200,4,179193.01,4,4,1320.0,1
FRAUD0009,2026-07-09 11:43:30,682.3,0.013645999999999998,200,1,682.3,1,1,64231.0,0
FRAUD0009,2026-07-09 18:10:37,1706.47,0.0341294,200,1,1706.47,1,1,23227.0,0
FRAUD0009,2026-07-10 15:11:07,1184.23,0.0236846,200,1,1184.23,1,1,75630.0,0
FRAUD0009,2026-07-12 22:58:56,750.3,0.015005999999999999,200,1,750.3,1,1,200869.0,0
FRAUD0009,2026-07-15 19:34:22,1538.29,0.0307658,200,1,1538.29,1,1,246926.0,0
FRAUD0009,2026-07-20 06:43:37,2584.55,0.051691,200,1,2584.55,1,1,385755.0,0
FRAUD0009,2026-07-26 15:37:07,7748.7,0.154974,200,1,7748.7,1,1,550410.0,0
FRAUD0009,2026-07-27 22:54:09,887.3,0.017745999999999998,200,1,887.3,1,1,112622.0,0
